"procedure_name","target_module","target_signature","caller_module","line_number","line_text","call_style","arguments","needs_explicit_db","uses_currentdb_context"
"TableExists","modAddressRepository","Private Function TableExists(ByVal tableName As String) As Boolean","modAddressRepository","192","If Not TableExists(TABLE_ADR_ADDRESS) Then","unqualified-local","TABLE_ADR_ADDRESS","False","False"
"TableExists","modAppNavigationService","Private Function TableExists(ByVal table_name As String) As Boolean","modAppNavigationService","341","If Not TableExists(TABLE_NAVIGATION) Then","unqualified-local","TABLE_NAVIGATION","False","False"
"TableExists","modAppNavigationService","Private Function TableExists(ByVal table_name As String) As Boolean","modAppNavigationService","403","If Not TableExists(TABLE_NAVIGATION_ROLE) Then","unqualified-local","TABLE_NAVIGATION_ROLE","False","False"
"FieldExists","modAppNavigationService","Private Function FieldExists(ByVal table_name As String, ByVal field_name As String) As Boolean","modAppNavigationService","657","If Not FieldExists(table_name, field_name) Then","unqualified-local","table_name, field_name","False","False"
"TableExists","modArticleGroupService","Private Function TableExists(ByVal tableName As String) As Boolean","modArticleGroupService","34","If Not TableExists(TABLE_ARTICLE_GROUP) Then","unqualified-local","TABLE_ARTICLE_GROUP","False","False"
"FieldExists","modArticleGroupService","Private Function FieldExists(ByVal tableName As String, ByVal fieldName As String) As Boolean","modArticleGroupService","327","If Not FieldExists(tableName, fieldName) Then","unqualified-local","tableName, fieldName","False","False"
"TableExists","modBasicModuleSchema","Private Function TableExists(ByVal db As DAO.Database, ByVal tableName As String) As Boolean","modBasicModuleSchema","107","If Not TableExists(db, ""tmp_order"") Then Exit Function","unqualified-local","db, ""tmp_order""","True","False"
"TableExists","modBasicModuleSchema","Private Function TableExists(ByVal db As DAO.Database, ByVal tableName As String) As Boolean","modBasicModuleSchema","108","If Not TableExists(db, ""tmp_order_line"") Then Exit Function","unqualified-local","db, ""tmp_order_line""","True","False"
"TableExists","modBasicModuleSchema","Private Function TableExists(ByVal db As DAO.Database, ByVal tableName As String) As Boolean","modBasicModuleSchema","140","modLoggingHandler.LogInfo MODULE_NAME & "".DiagnoseOrderSchema"", ""table_exists ord_order="" & CStr(TableExists(db, ""ord_order""))","unqualified-local","db, ""ord_order""","True","False"
"FieldExists","modBasicModuleSchema","Private Function FieldExists(ByVal db As DAO.Database, ByVal tableName As String, ByVal fieldName As String) As Boolean","modBasicModuleSchema","141","modLoggingHandler.LogInfo MODULE_NAME & "".DiagnoseOrderSchema"", ""field_exists ord_order.customer_address_id="" & CStr(FieldExists(db, ""ord_order"", ""customer_address_id""))","unqualified-local","db, ""ord_order"", ""customer_address_id""","True","False"
"FieldExists","modBasicModuleSchema","Private Function FieldExists(ByVal db As DAO.Database, ByVal tableName As String, ByVal fieldName As String) As Boolean","modBasicModuleSchema","142","modLoggingHandler.LogInfo MODULE_NAME & "".DiagnoseOrderSchema"", ""field_exists ord_order.invoice_address_id="" & CStr(FieldExists(db, ""ord_order"", ""invoice_address_id""))","unqualified-local","db, ""ord_order"", ""invoice_address_id""","True","False"
"FieldExists","modBasicModuleSchema","Private Function FieldExists(ByVal db As DAO.Database, ByVal tableName As String, ByVal fieldName As String) As Boolean","modBasicModuleSchema","143","modLoggingHandler.LogInfo MODULE_NAME & "".DiagnoseOrderSchema"", ""field_exists ord_order.delivery_address_id="" & CStr(FieldExists(db, ""ord_order"", ""delivery_address_id""))","unqualified-local","db, ""ord_order"", ""delivery_address_id""","True","False"
"FieldExists","modBasicModuleSchema","Private Function FieldExists(ByVal db As DAO.Database, ByVal tableName As String, ByVal fieldName As String) As Boolean","modBasicModuleSchema","144","modLoggingHandler.LogInfo MODULE_NAME & "".DiagnoseOrderSchema"", ""field_exists ord_order.vat_code="" & CStr(FieldExists(db, ""ord_order"", ""vat_code""))","unqualified-local","db, ""ord_order"", ""vat_code""","True","False"
"FieldExists","modBasicModuleSchema","Private Function FieldExists(ByVal db As DAO.Database, ByVal tableName As String, ByVal fieldName As String) As Boolean","modBasicModuleSchema","145","modLoggingHandler.LogInfo MODULE_NAME & "".DiagnoseOrderSchema"", ""field_exists ord_order.vat_rate="" & CStr(FieldExists(db, ""ord_order"", ""vat_rate""))","unqualified-local","db, ""ord_order"", ""vat_rate""","True","False"
"TableExists","modBasicModuleSchema","Private Function TableExists(ByVal db As DAO.Database, ByVal tableName As String) As Boolean","modBasicModuleSchema","146","modLoggingHandler.LogInfo MODULE_NAME & "".DiagnoseOrderSchema"", ""table_exists ord_order_line="" & CStr(TableExists(db, ""ord_order_line""))","unqualified-local","db, ""ord_order_line""","True","False"
"FieldExists","modBasicModuleSchema","Private Function FieldExists(ByVal db As DAO.Database, ByVal tableName As String, ByVal fieldName As String) As Boolean","modBasicModuleSchema","147","modLoggingHandler.LogInfo MODULE_NAME & "".DiagnoseOrderSchema"", ""field_exists ord_order_line.article_no="" & CStr(FieldExists(db, ""ord_order_line"", ""article_no""))","unqualified-local","db, ""ord_order_line"", ""article_no""","True","False"
"FieldExists","modBasicModuleSchema","Private Function FieldExists(ByVal db As DAO.Database, ByVal tableName As String, ByVal fieldName As String) As Boolean","modBasicModuleSchema","148","modLoggingHandler.LogInfo MODULE_NAME & "".DiagnoseOrderSchema"", ""field_exists ord_order_line.vat_rate="" & CStr(FieldExists(db, ""ord_order_line"", ""vat_rate""))","unqualified-local","db, ""ord_order_line"", ""vat_rate""","True","False"
"TableExists","modBasicModuleSchema","Private Function TableExists(ByVal db As DAO.Database, ByVal tableName As String) As Boolean","modBasicModuleSchema","178","If TableExists(frontendDb, ""ord_order"") Then","unqualified-local","frontendDb, ""ord_order""","True","False"
"FieldExists","modBasicModuleSchema","Private Function FieldExists(ByVal db As DAO.Database, ByVal tableName As String, ByVal fieldName As String) As Boolean","modBasicModuleSchema","397","If Not FieldExists(db, TABLE_REF_LANGUAGE, ""is_default"") Then","unqualified-local","db, TABLE_REF_LANGUAGE, ""is_default""","True","False"
"FieldExists","modBasicModuleSchema","Private Function FieldExists(ByVal db As DAO.Database, ByVal tableName As String, ByVal fieldName As String) As Boolean","modBasicModuleSchema","400","If Not FieldExists(db, TABLE_REF_LANGUAGE, ""is_active"") Then","unqualified-local","db, TABLE_REF_LANGUAGE, ""is_active""","True","False"
"TableExists","modBasicModuleSchema","Private Function TableExists(ByVal db As DAO.Database, ByVal tableName As String) As Boolean","modBasicModuleSchema","497","If TableExists(frontendDb, tableName) Then","unqualified-local","frontendDb, tableName","True","False"
"TableExists","modBasicModuleSchema","Private Function TableExists(ByVal db As DAO.Database, ByVal tableName As String) As Boolean","modBasicModuleSchema","831","If Not TableExists(db, ""ord_order"") Then Exit Function","unqualified-local","db, ""ord_order""","True","False"
"TableExists","modBasicModuleSchema","Private Function TableExists(ByVal db As DAO.Database, ByVal tableName As String) As Boolean","modBasicModuleSchema","832","If Not TableExists(db, ""ord_order_line"") Then Exit Function","unqualified-local","db, ""ord_order_line""","True","False"
"TableExists","modBasicModuleSchema","Private Function TableExists(ByVal db As DAO.Database, ByVal tableName As String) As Boolean","modBasicModuleSchema","833","If Not TableExists(db, ""tmp_order"") Then Exit Function","unqualified-local","db, ""tmp_order""","True","False"
"TableExists","modBasicModuleSchema","Private Function TableExists(ByVal db As DAO.Database, ByVal tableName As String) As Boolean","modBasicModuleSchema","834","If Not TableExists(db, ""tmp_order_line"") Then Exit Function","unqualified-local","db, ""tmp_order_line""","True","False"
"FieldExists","modBasicModuleSchema","Private Function FieldExists(ByVal db As DAO.Database, ByVal tableName As String, ByVal fieldName As String) As Boolean","modBasicModuleSchema","1197","If Not FieldExists(db, tableName, fieldName) Then","unqualified-local","db, tableName, fieldName","True","False"
"FieldExists","modBasicModuleSchema","Private Function FieldExists(ByVal db As DAO.Database, ByVal tableName As String, ByVal fieldName As String) As Boolean","modBasicModuleSchema","1221","If Not FieldExists(db, tableName, fieldName) Then","unqualified-local","db, tableName, fieldName","True","False"
"FieldExists","modBasicModuleSchema","Private Function FieldExists(ByVal db As DAO.Database, ByVal tableName As String, ByVal fieldName As String) As Boolean","modBasicModuleSchema","1228","""AddField successful: "" & tableName & ""."" & fieldName & ""; exists_after_add="" & CStr(FieldExists(db, tableName, fieldName))","unqualified-local","db, tableName, fieldName","True","False"
"FieldExists","modBasicModuleSchema","Private Function FieldExists(ByVal db As DAO.Database, ByVal tableName As String, ByVal fieldName As String) As Boolean","modBasicModuleSchema","1229","If Not FieldExists(db, tableName, fieldName) Then","unqualified-local","db, tableName, fieldName","True","False"
"FieldExists","modBasicModuleSchema","Private Function FieldExists(ByVal db As DAO.Database, ByVal tableName As String, ByVal fieldName As String) As Boolean","modBasicModuleSchema","1258","If Not FieldExists(db, tableName, fieldName) Then","unqualified-local","db, tableName, fieldName","True","False"
"FieldExists","modBasicModuleSchema","Private Function FieldExists(ByVal db As DAO.Database, ByVal tableName As String, ByVal fieldName As String) As Boolean","modBasicModuleSchema","1283","If Not FieldExists(db, tableName, fieldName) Then","unqualified-local","db, tableName, fieldName","True","False"
"FieldExists","modBasicModuleSchema","Private Function FieldExists(ByVal db As DAO.Database, ByVal tableName As String, ByVal fieldName As String) As Boolean","modBasicModuleSchema","1309","If Not FieldExists(db, tableName, fieldName) Then","unqualified-local","db, tableName, fieldName","True","False"
"FieldExists","modBasicModuleSchema","Private Function FieldExists(ByVal db As DAO.Database, ByVal tableName As String, ByVal fieldName As String) As Boolean","modBasicModuleSchema","1338","If Not FieldExists(db, tableName, fieldName) Then","unqualified-local","db, tableName, fieldName","True","False"
"FieldExists","modBasicModuleSchema","Private Function FieldExists(ByVal db As DAO.Database, ByVal tableName As String, ByVal fieldName As String) As Boolean","modBasicModuleSchema","1361","If FieldExists(db, tableName, fieldName) Then","unqualified-local","db, tableName, fieldName","True","False"
"FieldExists","modBasicModuleSchema","Private Function FieldExists(ByVal db As DAO.Database, ByVal tableName As String, ByVal fieldName As String) As Boolean","modBasicModuleSchema","1382","If Not FieldExists(db, tableName, fieldName) Then","unqualified-local","db, tableName, fieldName","True","False"
"FieldExists","modBasicModuleSchema","Private Function FieldExists(ByVal db As DAO.Database, ByVal tableName As String, ByVal fieldName As String) As Boolean","modBasicModuleSchema","1403","If Not FieldExists(db, tableName, fieldName) Then","unqualified-local","db, tableName, fieldName","True","False"
"TableExists","modContactRepository","Private Function TableExists(ByVal tableName As String) As Boolean","modContactRepository","168","If Not TableExists(TABLE_ADR_CONTACT) Then","unqualified-local","TABLE_ADR_CONTACT","False","False"
"TableExists","modDemoDataSeeder","Private Function TableExists(ByVal db As DAO.Database, ByVal tableName As String) As Boolean","modDemoDataSeeder","208","If Not TableExists(db, TBL_ART_PRODUCT_GROUP) Then","unqualified-local","db, TBL_ART_PRODUCT_GROUP","True","False"
"TableExists","modDemoDataSeeder","Private Function TableExists(ByVal db As DAO.Database, ByVal tableName As String) As Boolean","modDemoDataSeeder","398","If Not TableExists(db, TBL_TEN_PARAMETER) Then Exit Sub","unqualified-local","db, TBL_TEN_PARAMETER","True","False"
"TableExists","modDemoDataSeeder","Private Function TableExists(ByVal db As DAO.Database, ByVal tableName As String) As Boolean","modDemoDataSeeder","424","If Not TableExists(db, TBL_ADR_CONTACT) Then Exit Sub","unqualified-local","db, TBL_ADR_CONTACT","True","False"
"FieldExists","modDemoDataSeeder","Private Function FieldExists(ByVal db As DAO.Database, ByVal tableName As String, ByVal fieldName As String) As Boolean","modDemoDataSeeder","854","If Not FieldExists(db, TBL_TEN_PARAMETER, ""param_key"") Then Exit Sub","unqualified-local","db, TBL_TEN_PARAMETER, ""param_key""","True","False"
"FieldExists","modDemoDataSeeder","Private Function FieldExists(ByVal db As DAO.Database, ByVal tableName As String, ByVal fieldName As String) As Boolean","modDemoDataSeeder","855","If Not FieldExists(db, TBL_TEN_PARAMETER, ""param_value"") Then Exit Sub","unqualified-local","db, TBL_TEN_PARAMETER, ""param_value""","True","False"
"FieldExists","modDemoDataSeeder","Private Function FieldExists(ByVal db As DAO.Database, ByVal tableName As String, ByVal fieldName As String) As Boolean","modDemoDataSeeder","857","hasTenantCodeField = FieldExists(db, TBL_TEN_PARAMETER, ""tenant_code"")","unqualified-local","db, TBL_TEN_PARAMETER, ""tenant_code""","True","False"
"TableExists","modDemoDataSeeder","Private Function TableExists(ByVal db As DAO.Database, ByVal tableName As String) As Boolean","modDemoDataSeeder","1179","If Not TableExists(db, TBL_ADR_CONTACT) Then Exit Sub","unqualified-local","db, TBL_ADR_CONTACT","True","False"
"TableExists","modDemoDataSeeder","Private Function TableExists(ByVal db As DAO.Database, ByVal tableName As String) As Boolean","modDemoDataSeeder","1258","If Not TableExists(db, tableName) Then","unqualified-local","db, tableName","True","False"
"FieldExists","modDemoDataSeeder","Private Function FieldExists(ByVal db As DAO.Database, ByVal tableName As String, ByVal fieldName As String) As Boolean","modDemoDataSeeder","1264","If Not FieldExists(db, tableName, fieldName) Then","unqualified-local","db, tableName, fieldName","True","False"
"TableExists","modDemoDataSeeder","Private Function TableExists(ByVal db As DAO.Database, ByVal tableName As String) As Boolean","modDemoDataSeeder","1431","If Not TableExists(db, TBL_ART_ARTICLE) Then Exit Function","unqualified-local","db, TBL_ART_ARTICLE","True","False"
"TableExists","modDocumentCalculationService","Private Function TableExists(ByVal db As DAO.Database, ByVal tableName As String) As Boolean","modDocumentCalculationService","74","If Not TableExists(db, TABLE_DOC_DOCUMENT_POSITION) Then","unqualified-local","db, TABLE_DOC_DOCUMENT_POSITION","True","False"
"TableExists","modDocumentCalculationService","Private Function TableExists(ByVal db As DAO.Database, ByVal tableName As String) As Boolean","modDocumentCalculationService","80","If Not TableExists(db, TABLE_DOC_DOCUMENT) Then","unqualified-local","db, TABLE_DOC_DOCUMENT","True","False"
"FieldExists","modDocumentCalculationService","Private Function FieldExists(ByVal db As DAO.Database, ByVal tableName As String, ByVal fieldName As String) As Boolean","modDocumentCalculationService","533","If Not FieldExists(db, tableName, fieldName) Then","unqualified-local","db, tableName, fieldName","True","False"
"FieldExists","modDocumentCalculationService","Private Function FieldExists(ByVal db As DAO.Database, ByVal tableName As String, ByVal fieldName As String) As Boolean","modDocumentCalculationService","553","If Not FieldExists(db, tableName, fieldName) Then","unqualified-local","db, tableName, fieldName","True","False"
"TableExists","modDocumentRepository","Private Function TableExists(ByVal tableName As String) As Boolean","modDocumentRepository","81","If Not TableExists(TABLE_DOC_DOCUMENT) Then","unqualified-local","TABLE_DOC_DOCUMENT","False","False"
"TableExists","modDocumentRepository","Private Function TableExists(ByVal tableName As String) As Boolean","modDocumentRepository","157","If Not TableExists(TABLE_DOC_DOCUMENT_POSITION) Then","unqualified-local","TABLE_DOC_DOCUMENT_POSITION","False","False"
"TableExists","modDocumentRepository","Private Function TableExists(ByVal tableName As String) As Boolean","modDocumentRepository","215","If Not TableExists(TABLE_DOC_DOCUMENT_POSITION) Then","unqualified-local","TABLE_DOC_DOCUMENT_POSITION","False","False"
"TableExists","modDocumentRepository","Private Function TableExists(ByVal tableName As String) As Boolean","modDocumentRepository","295","If Not TableExists(TABLE_DOC_DOCUMENT) Or Not TableExists(TABLE_DOC_DOCUMENT_POSITION) Then","unqualified-local","TABLE_DOC_DOCUMENT","False","False"
"TableExists","modDocumentRepository","Private Function TableExists(ByVal tableName As String) As Boolean","modDocumentRepository","385","If Not TableExists(TABLE_DOC_DOCUMENT) Then","unqualified-local","TABLE_DOC_DOCUMENT","False","False"
"TableExists","modDocumentRepository","Private Function TableExists(ByVal tableName As String) As Boolean","modDocumentRepository","494","If Not TableExists(TABLE_DOC_DOCUMENT) Then","unqualified-local","TABLE_DOC_DOCUMENT","False","False"
"TableExists","modDocumentRepository","Private Function TableExists(ByVal tableName As String) As Boolean","modDocumentRepository","574","If Not TableExists(TABLE_DOC_DOCUMENT) Then","unqualified-local","TABLE_DOC_DOCUMENT","False","False"
"TableExists","modDocumentRepository","Private Function TableExists(ByVal tableName As String) As Boolean","modDocumentRepository","622","If Not TableExists(TABLE_DOC_DOCUMENT_POSITION) Then","unqualified-local","TABLE_DOC_DOCUMENT_POSITION","False","False"
"TableExists","modDocumentRepository","Private Function TableExists(ByVal tableName As String) As Boolean","modDocumentRepository","711","If Not TableExists(TABLE_DOC_DOCUMENT) Then","unqualified-local","TABLE_DOC_DOCUMENT","False","False"
"TableExists","modDocumentRepository","Private Function TableExists(ByVal tableName As String) As Boolean","modDocumentRepository","757","If Not TableExists(TABLE_DOC_DOCUMENT) Then","unqualified-local","TABLE_DOC_DOCUMENT","False","False"
"TableExists","modFwComposerService","Private Function TableExists(ByVal db As DAO.Database, ByVal tableName As String) As Boolean","modFwComposerService","321","If Not TableExists(db, TRANSLATION_TABLE_NAME) Then","unqualified-local","db, TRANSLATION_TABLE_NAME","True","False"
"TableExists","modFwComposerService","Private Function TableExists(ByVal db As DAO.Database, ByVal tableName As String) As Boolean","modFwComposerService","361","If Not TableExists(db, TRANSLATION_TABLE_NAME) Then","unqualified-local","db, TRANSLATION_TABLE_NAME","True","False"
"TableExists","modFwTranslationAuditService","Private Function TableExists(ByVal db As DAO.Database, ByVal tableName As String) As Boolean","modFwTranslationAuditService","71","If TableExists(db, TABLE_AUDIT) Then","unqualified-local","db, TABLE_AUDIT","True","False"
"TableExists","modFwTranslationAuditService","Private Function TableExists(ByVal db As DAO.Database, ByVal tableName As String) As Boolean","modFwTranslationAuditService","105","If TableExists(db, TABLE_EXPECTED) Then","unqualified-local","db, TABLE_EXPECTED","True","False"
"TableExists","modFwTranslationAuditService","Private Function TableExists(ByVal db As DAO.Database, ByVal tableName As String) As Boolean","modFwTranslationAuditService","225","If Not TableExists(db, TABLE_AUDIT) Then","unqualified-local","db, TABLE_AUDIT","True","False"
"TableExists","modFwTranslationAuditService","Private Function TableExists(ByVal db As DAO.Database, ByVal tableName As String) As Boolean","modFwTranslationAuditService","323","If Not TableExists(db, TABLE_EXPECTED) Then","unqualified-local","db, TABLE_EXPECTED","True","False"
"TableExists","modFwTranslationAuditService","Private Function TableExists(ByVal db As DAO.Database, ByVal tableName As String) As Boolean","modFwTranslationAuditService","371","If Not TableExists(db, TABLE_NAVIGATION) Then","unqualified-local","db, TABLE_NAVIGATION","True","False"
"TableExists","modFwTranslationAuditService","Private Function TableExists(ByVal db As DAO.Database, ByVal tableName As String) As Boolean","modFwTranslationAuditService","423","If Not TableExists(db, tableName) Then","unqualified-local","db, tableName","True","False"
"TableExists","modFwTranslationAuditService","Private Function TableExists(ByVal db As DAO.Database, ByVal tableName As String) As Boolean","modFwTranslationAuditService","500","If Not TableExists(db, TABLE_TRANSLATION) Then","unqualified-local","db, TABLE_TRANSLATION","True","False"
"TableExists","modFwTranslationAuditService","Private Function TableExists(ByVal db As DAO.Database, ByVal tableName As String) As Boolean","modFwTranslationAuditService","554","If Not TableExists(db, TABLE_TRANSLATION) Then","unqualified-local","db, TABLE_TRANSLATION","True","False"
"TableExists","modFwTranslationAuditService","Private Function TableExists(ByVal db As DAO.Database, ByVal tableName As String) As Boolean","modFwTranslationAuditService","638","If Not TableExists(db, TABLE_TRANSLATION) Then","unqualified-local","db, TABLE_TRANSLATION","True","False"
"TableExists","modFwTranslationAuditService","Private Function TableExists(ByVal db As DAO.Database, ByVal tableName As String) As Boolean","modFwTranslationAuditService","667","If Not TableExists(db, TABLE_TRANSLATION) Then","unqualified-local","db, TABLE_TRANSLATION","True","False"
"TableExists","modFwTranslationEditService","Private Function TableExists(ByVal db As DAO.Database, ByVal tableName As String) As Boolean","modFwTranslationEditService","168","If Not TableExists(db, TABLE_AUDIT) Then","unqualified-local","db, TABLE_AUDIT","True","False"
"TableExists","modFwTranslationRuntime","Private Function TableExists(ByVal db As DAO.Database, ByVal tableName As String) As Boolean","modFwTranslationRuntime","113","If Not TableExists(db, TABLE_FW_TRANSLATIONS) Then","unqualified-local","db, TABLE_FW_TRANSLATIONS","True","False"
"TableExists","modFwTranslationRuntime","Private Function TableExists(ByVal db As DAO.Database, ByVal tableName As String) As Boolean","modFwTranslationRuntime","210","If Not TableExists(db, TABLE_FW_TRANSLATIONS) Then","unqualified-local","db, TABLE_FW_TRANSLATIONS","True","False"
"TableExists","modFwTranslationTagGeneratorService","Private Function TableExists(ByVal db As DAO.Database, ByVal tableName As String) As Boolean","modFwTranslationTagGeneratorService","43","If TableExists(db, TABLE_TAG_GENERATOR) Then","unqualified-local","db, TABLE_TAG_GENERATOR","True","False"
"TableExists","modFwTranslationTagGeneratorService","Private Function TableExists(ByVal db As DAO.Database, ByVal tableName As String) As Boolean","modFwTranslationTagGeneratorService","403","If Not TableExists(db, TABLE_TAG_GENERATOR) Then","unqualified-local","db, TABLE_TAG_GENERATOR","True","False"
"TableExists","modFwTranslationTagGeneratorService","Private Function TableExists(ByVal db As DAO.Database, ByVal tableName As String) As Boolean","modFwTranslationTagGeneratorService","429","If Not TableExists(db, TABLE_TAG_GENERATOR) Then","unqualified-local","db, TABLE_TAG_GENERATOR","True","False"
"TableExists","modMigrationPaymentTerms","Private Function TableExists(ByVal db As DAO.Database, ByVal tableName As String) As Boolean","modMigrationPaymentTerms","86","If Not TableExists(db, TABLE_DOC_DOCUMENT) Then","unqualified-local","db, TABLE_DOC_DOCUMENT","True","False"
"FieldExists","modMigrationPaymentTerms","Private Function FieldExists(ByVal db As DAO.Database, ByVal tableName As String, ByVal fieldName As String) As Boolean","modMigrationPaymentTerms","91","If Not FieldExists(db, TABLE_DOC_DOCUMENT, FIELD_LANGUAGE_CODE) Then","unqualified-local","db, TABLE_DOC_DOCUMENT, FIELD_LANGUAGE_CODE","True","False"
"FieldExists","modMigrationPaymentTerms","Private Function FieldExists(ByVal db As DAO.Database, ByVal tableName As String, ByVal fieldName As String) As Boolean","modMigrationPaymentTerms","95","If Not FieldExists(db, TABLE_DOC_DOCUMENT, FIELD_PAYMENT_TERM_CODE) Then","unqualified-local","db, TABLE_DOC_DOCUMENT, FIELD_PAYMENT_TERM_CODE","True","False"
"FieldExists","modMigrationPaymentTerms","Private Function FieldExists(ByVal db As DAO.Database, ByVal tableName As String, ByVal fieldName As String) As Boolean","modMigrationPaymentTerms","99","If Not FieldExists(db, TABLE_DOC_DOCUMENT, FIELD_PAYMENT_TERMS_TEXT) Then","unqualified-local","db, TABLE_DOC_DOCUMENT, FIELD_PAYMENT_TERMS_TEXT","True","False"
"TableExists","modMigrationPaymentTerms","Private Function TableExists(ByVal db As DAO.Database, ByVal tableName As String) As Boolean","modMigrationPaymentTerms","119","If TableExists(db, TABLE_TEN_PAYMENT_TERM) Then","unqualified-local","db, TABLE_TEN_PAYMENT_TERM","True","False"
"TableExists","modMigrationPaymentTerms","Private Function TableExists(ByVal db As DAO.Database, ByVal tableName As String) As Boolean","modMigrationPaymentTerms","156","If Not TableExists(db, TABLE_TEN_PAYMENT_TERM) Then","unqualified-local","db, TABLE_TEN_PAYMENT_TERM","True","False"
"TableExists","modMigrationPaymentTerms","Private Function TableExists(ByVal db As DAO.Database, ByVal tableName As String) As Boolean","modMigrationPaymentTerms","189","If Not TableExists(db, TABLE_TEN_PAYMENT_TERM) Then","unqualified-local","db, TABLE_TEN_PAYMENT_TERM","True","False"
"TableExists","modMigrationPaymentTerms","Private Function TableExists(ByVal db As DAO.Database, ByVal tableName As String) As Boolean","modMigrationPaymentTerms","294","If Not TableExists(db, TABLE_TEN_PAYMENT_TERM) Then","unqualified-local","db, TABLE_TEN_PAYMENT_TERM","True","False"
"TableExists","modMigrationPaymentTerms","Private Function TableExists(ByVal db As DAO.Database, ByVal tableName As String) As Boolean","modMigrationPaymentTerms","335","If Not TableExists(db, linkedTableName) Then","unqualified-local","db, linkedTableName","True","False"
"TableExists","modMigrationPaymentTerms","Private Function TableExists(ByVal db As DAO.Database, ByVal tableName As String) As Boolean","modMigrationPaymentTerms","388","If TableExists(frontendDb, tableName) Then","unqualified-local","frontendDb, tableName","True","False"
"TableExists","modMigrationPaymentTerms","Private Function TableExists(ByVal db As DAO.Database, ByVal tableName As String) As Boolean","modMigrationPaymentTerms","445","If Not TableExists(db, tableName) Then","unqualified-local","db, tableName","True","False"
"TableExists","modMigrationPaymentTerms","Private Function TableExists(ByVal db As DAO.Database, ByVal tableName As String) As Boolean","modMigrationPaymentTerms","474","If Not TableExists(db, tableName) Then","unqualified-local","db, tableName","True","False"
"TableExists","modMigrationTranslations","Private Function TableExists(ByVal db As DAO.Database, ByVal tableName As String) As Boolean","modMigrationTranslations","37","If Not TableExists(db, TABLE_FW_TRANSLATIONS) Then","unqualified-local","db, TABLE_FW_TRANSLATIONS","True","False"
"FieldExists","modMigrationTranslations","Private Function FieldExists(ByVal db As DAO.Database, ByVal tableName As String, ByVal fieldName As String) As Boolean","modMigrationTranslations","42","If Not FieldExists(db, TABLE_FW_TRANSLATIONS, FIELD_TRANSLATION_KEY) Then","unqualified-local","db, TABLE_FW_TRANSLATIONS, FIELD_TRANSLATION_KEY","True","False"
"FieldExists","modMigrationTranslations","Private Function FieldExists(ByVal db As DAO.Database, ByVal tableName As String, ByVal fieldName As String) As Boolean","modMigrationTranslations","47","If Not FieldExists(db, TABLE_FW_TRANSLATIONS, FIELD_LANGUAGE_CODE) Then","unqualified-local","db, TABLE_FW_TRANSLATIONS, FIELD_LANGUAGE_CODE","True","False"
"FieldExists","modMigrationTranslations","Private Function FieldExists(ByVal db As DAO.Database, ByVal tableName As String, ByVal fieldName As String) As Boolean","modMigrationTranslations","52","If Not FieldExists(db, TABLE_FW_TRANSLATIONS, FIELD_TRANSLATION_VALUE) Then","unqualified-local","db, TABLE_FW_TRANSLATIONS, FIELD_TRANSLATION_VALUE","True","False"
"TableExists","modMigrationTranslations","Private Function TableExists(ByVal db As DAO.Database, ByVal tableName As String) As Boolean","modMigrationTranslations","298","If Not TableExists(db, tableName) Then","unqualified-local","db, tableName","True","False"
"TableExists","modNumberRangeRepository","Private Function TableExists(ByVal tableName As String) As Boolean","modNumberRangeRepository","128","If Not TableExists(TABLE_TEN_NUMBERRANGE) Then","unqualified-local","TABLE_TEN_NUMBERRANGE","False","False"
"TableExists","modOrderRepository","Private Function TableExists(ByVal db As DAO.Database, ByVal tableName As String) As Boolean","modOrderRepository","151","If Not TableExists(db, TABLE_TEN_NUMBERRANGE) Then","unqualified-local","db, TABLE_TEN_NUMBERRANGE","True","False"
"TableExists","modOutputPathService","Private Function TableExists(ByVal tableName As String) As Boolean","modOutputPathService","44","If Not TableExists(TABLE_TEN_PARAMETER) Then","unqualified-local","TABLE_TEN_PARAMETER","False","False"
"TableExists","modTenantRepository","Private Function TableExists(ByVal tableName As String) As Boolean","modTenantRepository","93","If Not TableExists(TABLE_TEN_PARAMETER) Then","unqualified-local","TABLE_TEN_PARAMETER","False","False"
"TableExists","modUserRepository","Private Function TableExists(ByVal tableName As String) As Boolean","modUserRepository","127","If Not TableExists(TABLE_USR_USER) Then","unqualified-local","TABLE_USR_USER","False","False"
