"target","module","line","calling_procedure","context","arguments","raw_line","expected_return"
"HasControl","modAppDashboardService","134","SetDisplayValueIfPresent","condition","formInstance, ControlName","If Not HasControl(formInstance, ControlName) Then","Boolean/Truth value"
"HasControl","modAppDashboardService","161","SetCaptionIfPresent","condition","formInstance, ControlName","If Not HasControl(formInstance, ControlName) Then","Boolean/Truth value"
"HasControl","modAppShell","385","LoadNavigationHost","condition","shellForm, NAVIGATION_SUBFORM_CONTROL","If Not HasControl(shellForm, NAVIGATION_SUBFORM_CONTROL) Then","Boolean/Truth value"
"HasControl","modAppShell","479","SetDisplayValueIfPresent","condition","formInstance, ControlName","If Not HasControl(formInstance, ControlName) Then","Boolean/Truth value"
"HasControl","modAppShell","506","SetCaptionIfPresent","condition","formInstance, ControlName","If Not HasControl(formInstance, ControlName) Then","Boolean/Truth value"
"HasControl","modAppShell","525","SetControlEnabledIfPresent","condition","formInstance, ControlName","If Not HasControl(formInstance, ControlName) Then","Boolean/Truth value"
"HasControl","modAppShell","544","SetControlVisibleIfPresent","condition","formInstance, ControlName","If Not HasControl(formInstance, ControlName) Then","Boolean/Truth value"
"HasControl","modAppShell","580","ClearShellSearchText","condition","shellForm, TEXT_SHELL_SEARCH","If HasControl(shellForm, TEXT_SHELL_SEARCH) Then","Boolean/Truth value"
"HasControl","modAppShell","618","ResetCommandBarSlot","condition","shellForm, ControlName","If Not HasControl(shellForm, ControlName) Then","Boolean/Truth value"
"HasControl","modAppShell","761","ApplyCommandBarSlot","condition","shellForm, ControlName","If LenB(ControlName) = 0 Or Not HasControl(shellForm, ControlName) Then","Boolean/Truth value"
"HasControl","modAppShell","802","ApplyQuickSearchConfig","condition","shellForm, TEXT_QUICK_SEARCH","If HasControl(shellForm, TEXT_QUICK_SEARCH) Then","Boolean/Truth value"
"HasControl","modAppShell","811","ApplyQuickSearchConfig","condition","shellForm, COMMAND_QUICK_SEARCH_CLEAR","If HasControl(shellForm, COMMAND_QUICK_SEARCH_CLEAR) Then","Boolean/Truth value"
"HasControl","modAppShell","959","ResolveSlotCommandKey","condition","shellForm, ControlName","If HasControl(shellForm, ControlName) Then","Boolean/Truth value"
"HasControl","modAppShell","966","ResolveQuickSearchCommandKey","condition","shellForm, COMMAND_QUICK_SEARCH_CLEAR","If HasControl(shellForm, COMMAND_QUICK_SEARCH_CLEAR) Then","Boolean/Truth value"
"HasControl","modAppShell","970","ResolveQuickSearchCommandKey","condition","shellForm, TEXT_QUICK_SEARCH","If HasControl(shellForm, TEXT_QUICK_SEARCH) Then","Boolean/Truth value"
"HasControl","modAppShell","1072","ClearQuickSearchText","condition","shellForm, TEXT_QUICK_SEARCH","If HasControl(shellForm, TEXT_QUICK_SEARCH) Then","Boolean/Truth value"
"HasControl","modAppShell","1076","ClearQuickSearchText","condition","shellForm, TEXT_SHELL_SEARCH","If HasControl(shellForm, TEXT_SHELL_SEARCH) Then","Boolean/Truth value"
"HasControl","modAppShell","1092","ResolveCurrentWorkspaceForm","condition","shellForm, WORKSPACE_SUBFORM_CONTROL","If Not HasControl(shellForm, WORKSPACE_SUBFORM_CONTROL) Then","Boolean/Truth value"
"HasControl","modAppWorkspaceService","527","GetWorkspaceHostControl","condition","shellForm, WORKSPACE_SUBFORM_CONTROL","If HasControl(shellForm, WORKSPACE_SUBFORM_CONTROL) Then","Boolean/Truth value"
"HasControl","modAppWorkspaceService","594","ResolveWorkspaceHostForm","condition","shellForm, WORKSPACE_SUBFORM_CONTROL","If HasControl(shellForm, WORKSPACE_SUBFORM_CONTROL) Then","Boolean/Truth value"
"HasControl","modAppWorkspaceService","602","ResolveWorkspaceHostForm","condition","ResolveWorkspaceHostForm, WORKSPACE_SUBFORM_CONTROL","If Not HasControl(ResolveWorkspaceHostForm, WORKSPACE_SUBFORM_CONTROL) Then","Boolean/Truth value"
"HasControl","modFwTranslationEditService","421","GetControlText","condition","targetForm, ControlName","If HasControl(targetForm, ControlName) Then","Boolean/Truth value"
"HasControl","modFwTranslationEditService","431","SetControlValueIfPresent","condition","targetForm, ControlName","If HasControl(targetForm, ControlName) Then","Boolean/Truth value"
"ResolveCreatedBy","modAddressRepository","76","CreateAddress","mutation","","SetRecordsetValue rs, FIELD_CREATED_BY, ResolveCreatedBy()","Used inline"
"ResolveCreatedBy","modContactRepository","54","CreateContact","mutation","","SetRecordsetValue rs, FIELD_CREATED_BY, ResolveCreatedBy()","Used inline"
"ResolveCreatedBy","modDocumentRepository","115","CreateDocumentHeader","mutation","","SetRecordsetValue rs, FIELD_CREATED_BY, ResolveCreatedBy()","Used inline"
"ResolveFieldValue","modAddressRepository","158","GetAddressDisplayName","assignment","rs, FIELD_COMPANY_NAME, vbNullString","CompanyName = ResolveFieldValue(rs, FIELD_COMPANY_NAME, vbNullString)","Assigned value"
"ResolveFieldValue","modAddressRepository","164","GetAddressDisplayName","assignment","rs, FIELD_FIRST_NAME, vbNullString","FirstName = ResolveFieldValue(rs, FIELD_FIRST_NAME, vbNullString)","Assigned value"
"ResolveFieldValue","modAddressRepository","165","GetAddressDisplayName","assignment","rs, FIELD_LAST_NAME, vbNullString","LastName = ResolveFieldValue(rs, FIELD_LAST_NAME, vbNullString)","Assigned value"
"ResolveFieldValue","modAddressRepository","254","GetAddressCountryCode","mutation","rs, FIELD_COUNTRY_CODE, GetAddressCountryCode))","GetAddressCountryCode = UCase$(Trim$(ResolveFieldValue(rs, FIELD_COUNTRY_CODE, GetAddressCountryCode)))","Used inline"
"ResolveFieldValue","modContactRepository","105","GetPrimaryContactValue","condition","rs, FIELD_CONTACT_TYPE_CODE, vbNullString))","If UCase$(Trim$(ResolveFieldValue(rs, FIELD_CONTACT_TYPE_CODE, vbNullString))) = targetType Then","Boolean/Truth value"
"ResolveFieldValue","modContactRepository","108","GetPrimaryContactValue","assignment","rs, FIELD_CONTACT_VALUE, defaultValue","GetPrimaryContactValue = ResolveFieldValue(rs, FIELD_CONTACT_VALUE, defaultValue)","Assigned value"
