"GroupId","Classification","ProcedureNames","Modules","DefinitionCount","ProposedCanonicalSignature","ProposedTargetModule","RecommendedAction","RiskLevel"
"DG-EXACT-001","EXACT","TableExists","modAddressRepository; modContactRepository; modDocumentRepository; modNumberRangeRepository; modTenantRepository; modUserRepository","6","Private Function TableExists(ByVal tableName As String) As Boolean","modDb","MERGE_EXACT","LOW"
"DG-EXACT-002","EXACT","SetRecordsetFieldValue; SetRecordsetValue","modAddressRepository; modContactRepository; modDocumentCalculationService; modDocumentRepository; modFwTranslationAuditService; modOrderCalculationService; modOrderRepository","7","Private Sub SetRecordsetValue(ByVal rs As DAO.Recordset, ByVal fieldName As String, ByVal fieldValue As Variant)","MANUAL_TARGET_SELECTION","MERGE_EXACT","LOW"
"DG-EXACT-003","EXACT","ResolveFieldValue","modAddressRepository; modContactRepository","2","Private Function ResolveFieldValue(ByVal rs As DAO.Recordset, ByVal fieldName As String, ByVal defaultValue As String) As String","MANUAL_TARGET_SELECTION","MERGE_EXACT","LOW"
"DG-EXACT-004","EXACT","ResolveCreatedBy","modAddressRepository; modContactRepository; modDocumentRepository","3","Private Function ResolveCreatedBy() As String","MANUAL_TARGET_SELECTION","MERGE_EXACT","LOW"
"DG-EXACT-005","EXACT","HasControl","modAppDashboardService; modAppShell; modAppWorkspaceService","3","Private Function HasControl(ByVal formInstance As Access.Form, ByVal ControlName As String) As Boolean","MANUAL_TARGET_SELECTION","MERGE_EXACT","LOW"
"DG-EXACT-006","EXACT","ExecuteSql","modAppNavigationService; modArticleGroupService","2","Private Sub ExecuteSql(ByVal sqlStatement As String)","MANUAL_TARGET_SELECTION","MERGE_EXACT","MEDIUM"
"DG-EXACT-007","EXACT","ConvertFieldNameToPascal","modArticleGroupService; modArticleService","2","Private Function ConvertFieldNameToPascal(ByVal fieldName As String) As String","MANUAL_TARGET_SELECTION","MERGE_EXACT","LOW"
"DG-EXACT-008","EXACT","SetFieldValueIfPresent","modArticleGroupService; modArticleService","2","Private Sub SetFieldValueIfPresent(ByVal formInstance As Access.Form, ByVal fieldName As String, ByVal fieldValue As Variant)","MANUAL_TARGET_SELECTION","MERGE_EXACT","LOW"
"DG-EXACT-009","EXACT","EscapeLikeValue","modArticleGroupService; modArticleService","2","Private Function EscapeLikeValue(ByVal valueText As String) As String","MANUAL_TARGET_SELECTION","MERGE_EXACT","LOW"
"DG-EXACT-010","EXACT","HasFormControl","modArticleGroupService; modArticleService","2","Private Function HasFormControl(ByVal formInstance As Access.Form, ByVal ControlName As String) As Boolean","MANUAL_TARGET_SELECTION","MERGE_EXACT","LOW"
"DG-EXACT-011","EXACT","TableExists","modBasicModuleSchema; modOrderRepository","2","Private Function TableExists(ByVal db As DAO.Database, ByVal tableName As String) As Boolean","modDb","MERGE_EXACT","LOW"
"DG-EXACT-012","EXACT","ApplyFieldDefaultValue","modBasicModuleSchema; modDocumentCalculationService","2","Private Sub ApplyFieldDefaultValue(ByVal db As DAO.Database, ByVal tableName As String, ByVal fieldName As String, ByVal DefaultValueExpression As String)","MANUAL_TARGET_SELECTION","MERGE_EXACT","LOW"
"DG-EXACT-013","EXACT","SqlText","modBasicModuleSchema; modOrderRepository","2","Private Function SqlText(ByVal valueText As String) As String","MANUAL_TARGET_SELECTION","MERGE_EXACT","LOW"
"DG-EXACT-014","EXACT","ExecSql","modDemoDataSeeder; modMigrationPaymentTerms","2","Private Sub ExecSql(ByVal db As DAO.Database, ByVal sql As String)","MANUAL_TARGET_SELECTION","MERGE_EXACT","MEDIUM"
"DG-EXACT-015","EXACT","GetRecordsetStringValue","modDocumentCalculationService; modOrderCalculationService; modOrderRepository","3","Private Function GetRecordsetStringValue(ByVal rs As DAO.Recordset, ByVal fieldName As String, ByVal defaultValue As String) As String","MANUAL_TARGET_SELECTION","MERGE_EXACT","LOW"
"DG-EXACT-016","EXACT","GetRecordsetCurrencyValue","modDocumentCalculationService; modOrderCalculationService","2","Private Function GetRecordsetCurrencyValue(ByVal rs As DAO.Recordset, ByVal fieldName As String, ByVal defaultValue As Currency) As Currency","MANUAL_TARGET_SELECTION","MERGE_EXACT","LOW"
"DG-EXACT-017","EXACT","GetRecordsetDoubleValue","modDocumentCalculationService; modOrderCalculationService; modOrderRepository","3","Private Function GetRecordsetDoubleValue(ByVal rs As DAO.Recordset, ByVal fieldName As String, ByVal defaultValue As Double) As Double","MANUAL_TARGET_SELECTION","MERGE_EXACT","LOW"
"DG-EXACT-018","EXACT","GetRecordsetLongValue","modDocumentCalculationService; modOrderCalculationService; modOrderRepository","3","Private Function GetRecordsetLongValue(ByVal rs As DAO.Recordset, ByVal fieldName As String, ByVal defaultValue As Long) As Long","MANUAL_TARGET_SELECTION","MERGE_EXACT","LOW"
"DG-EXACT-019","EXACT","RoundCurrency","modDocumentCalculationService; modDocumentService; modOrderCalculationService; modVatHandler","4","Private Function RoundCurrency(ByVal Amount As Currency) As Currency","MANUAL_TARGET_SELECTION","MERGE_EXACT","LOW"
"DG-EXACT-020","EXACT","NzString","modFormLocalization; modFwTranslationRuntime; modFwValidationRuntime","3","Private Function NzString(ByVal Value As Variant, Optional ByVal defaultValue As String = """") As String","MANUAL_TARGET_SELECTION","MERGE_EXACT","LOW"
"DG-EXACT-021","EXACT","IsObjectLoaded","modFwComposerService; modFwControlNamingTool","2","Private Function IsObjectLoaded(ByVal objectType As String, ByVal objectName As String) As Boolean","MANUAL_TARGET_SELECTION","MERGE_EXACT","LOW"
"DG-EXACT-022","EXACT","GetObjectVisible","modFwComposerService; modFwControlNamingTool","2","Private Function GetObjectVisible(ByVal objectType As String, ByVal objectName As String) As Boolean","MANUAL_TARGET_SELECTION","MERGE_EXACT","LOW"
"DG-EXACT-023","EXACT","SaveOpenedObject","modFwComposerService; modFwControlNamingTool","2","Private Sub SaveOpenedObject(ByVal objectType As String, ByVal objectName As String)","MANUAL_TARGET_SELECTION","MERGE_EXACT","LOW"
"DG-EXACT-024","EXACT","TableExists","modFwComposerService; modFwTranslationRuntime; modFwTranslationTagGeneratorService; modMigrationPaymentTerms; modMigrationTranslations","5","Private Function TableExists(ByVal db As DAO.Database, ByVal tableName As String) As Boolean","modDb","MERGE_EXACT","LOW"
"DG-EXACT-025","EXACT","FieldExists","modMigrationPaymentTerms; modMigrationTranslations","2","Private Function FieldExists(ByVal db As DAO.Database, ByVal tableName As String, ByVal fieldName As String) As Boolean","modDb","MERGE_EXACT","LOW"
"DG-EXACT-026","EXACT","CopyHeaderField; CopyLineField","modOrderRepository","2","Private Sub CopyHeaderField(ByVal rsSource As DAO.Recordset, ByVal rsTarget As DAO.Recordset, ByVal fieldName As String)","MANUAL_TARGET_SELECTION","KEEP_PRIVATE","LOW"
"DG-EXACT-027","EXACT","NormalizeRoleCode","modSecurityHandler; modSessionContext","2","Private Function NormalizeRoleCode(ByVal RoleCode As String) As String","MANUAL_TARGET_SELECTION","MERGE_EXACT","LOW"
"DG-EXACT-028","EXACT","ResolveTenantCode","modTenantRepository; modUserRepository","2","Private Function ResolveTenantCode() As String","MANUAL_TARGET_SELECTION","MERGE_EXACT","LOW"
"DG-SIM-029","SIMILAR","AddressExists; ContactExists","modAddressRepository; modContactRepository","2","Public Function AddressExists(ByVal addressId As Long) As Boolean","MANUAL_TARGET_SELECTION","MERGE_WITH_SIGNATURE_UNIFICATION","MEDIUM"
"DG-SIM-030","SIMILAR","CanReadAddresses; CanReadContacts; CanReadNumberRanges","modAddressRepository; modContactRepository; modNumberRangeRepository","3","Private Function CanReadAddresses() As Boolean","MANUAL_TARGET_SELECTION","MERGE_WITH_SIGNATURE_UNIFICATION","MEDIUM"
"DG-SIM-031","SIMILAR","CanWriteAddresses; CanWriteContacts; EnsureBasicModuleSchema; ResolveNextArticleNo","modAddressRepository; modArticleService; modContactRepository; modFwSetup","4","Private Function CanWriteAddresses() As Boolean","modDb","MERGE_WITH_SIGNATURE_UNIFICATION","MEDIUM"
"DG-SIM-032","SIMILAR","SetFieldIfExists; SetRecordsetFieldValue; SetRecordsetValue","modAddressRepository; modContactRepository; modDocumentCalculationService; modDocumentRepository; modFwTranslationAuditService; modMigrationTranslations; modOrderCalculationService; modOrderRepository","8","Private Sub SetRecordsetValue(ByVal rs As DAO.Recordset, ByVal fieldName As String, ByVal fieldValue As Variant)","MANUAL_TARGET_SELECTION","MERGE_WITH_SIGNATURE_UNIFICATION","MEDIUM"
"DG-SIM-033","SIMILAR","GetRecordsetLongValue; ResolveFieldValue","modAddressRepository; modContactRepository; modDocumentCalculationService; modOrderCalculationService; modOrderRepository","5","Private Function ResolveFieldValue(ByVal rs As DAO.Recordset, ByVal fieldName As String, ByVal defaultValue As String) As String","MANUAL_TARGET_SELECTION","MERGE_WITH_SIGNATURE_UNIFICATION","MEDIUM"
"DG-SIM-034","SIMILAR","ResolveTenantStatusText; ResolveUserStatusText","modAppDashboardService","2","Private Function ResolveTenantStatusText() As String","MANUAL_TARGET_SELECTION","KEEP_PRIVATE","MEDIUM"
"DG-SIM-035","SIMILAR","SetDisplayValueIfPresent","modAppDashboardService; modAppShell","2","Private Sub SetDisplayValueIfPresent(     ByVal formInstance As Access.Form,     ByVal ControlName As String,     ByVal valueText As String)","MANUAL_TARGET_SELECTION","MERGE_WITH_SIGNATURE_UNIFICATION","MEDIUM"
"DG-SIM-036","SIMILAR","HasControl; HasFormControl","modAppDashboardService; modAppShell; modAppWorkspaceService; modArticleGroupService; modArticleService; modFwTranslationEditService","6","Private Function HasControl(ByVal formInstance As Access.Form, ByVal ControlName As String) As Boolean","MANUAL_TARGET_SELECTION","MERGE_WITH_SIGNATURE_UNIFICATION","MEDIUM"
"DG-SIM-037","SIMILAR","NullIfEmpty; NzText","modAppDashboardService; modDemoDataSeeder","2","Private Function NzText(ByVal Value As String, Optional ByVal defaultValue As String = ""n/a"") As String","MANUAL_TARGET_SELECTION","MERGE_WITH_SIGNATURE_UNIFICATION","MEDIUM"
"DG-SIM-038","SIMILAR","GetNavigationRowSource; GetVisibleNavigationRowSource","modAppNavigationService","2","Public Function GetNavigationRowSource(Optional ByVal role_code As String = """") As String","MANUAL_TARGET_SELECTION","MERGE_WITH_SIGNATURE_UNIFICATION","MEDIUM"
"DG-SIM-039","SIMILAR","CollapseNavigationGroup; ExpandNavigationGroup; GetDocumentCustomerName; LoadDashboard","modAppNavigationService; modAppWorkspaceService; modDocumentRepository","4","Public Function ExpandNavigationGroup(ByVal navigation_id As Long) As Boolean","MANUAL_TARGET_SELECTION","MERGE_WITH_SIGNATURE_UNIFICATION","MEDIUM"
"DG-SIM-040","SIMILAR","EnsureFieldExists","modAppNavigationService; modArticleGroupService","2","Private Sub EnsureFieldExists(ByVal table_name As String, ByVal field_name As String, ByVal ddlType As String)","modDb","MERGE_WITH_SIGNATURE_UNIFICATION","MEDIUM"
"DG-SIM-041","SIMILAR","EnsureIndexExists","modAppNavigationService; modArticleGroupService","2","Private Sub EnsureIndexExists(ByVal table_name As String, ByVal indexName As String, ByVal createSql As String)","modDb","MERGE_WITH_SIGNATURE_UNIFICATION","MEDIUM"
"DG-SIM-042","SIMILAR","TableExists","modAppNavigationService; modArticleGroupService","2","Private Function TableExists(ByVal table_name As String) As Boolean","modDb","MERGE_WITH_SIGNATURE_UNIFICATION","MEDIUM"
"DG-SIM-043","SIMILAR","FieldExists; IndexExists","modAppNavigationService; modArticleGroupService","4","Private Function FieldExists(ByVal table_name As String, ByVal field_name As String) As Boolean","modDb","MERGE_WITH_SIGNATURE_UNIFICATION","MEDIUM"
"DG-SIM-044","SIMILAR","ExecuteShellListClearSearch; SeedDemoData; UpdateShellCommandBarState","modAppShell; modDemoDataSeeder","3","Public Sub UpdateShellCommandBarState(ByVal shellForm As Access.Form)","MANUAL_TARGET_SELECTION","MERGE_WITH_SIGNATURE_UNIFICATION","MEDIUM"
"DG-SIM-045","SIMILAR","ExecuteShellListEdit; ExecuteShellListNew; ExecuteShellListRefresh; ExecuteShellListSearch","modAppShell","4","Public Sub ExecuteShellListSearch(ByVal shellForm As Access.Form, ByVal searchText As String)","MANUAL_TARGET_SELECTION","MERGE_WITH_SIGNATURE_UNIFICATION","MEDIUM"
"DG-SIM-046","SIMILAR","ResolveCurrentRoleText; ResolveCurrentUserText","modAppShell","2","Private Function ResolveCurrentUserText() As String","MANUAL_TARGET_SELECTION","KEEP_PRIVATE","MEDIUM"
"DG-SIM-047","SIMILAR","IsAdmin; IsFeatureEnabled; IsSupervisor; NormalizeProjectLanguageCode; ResolveEnvironmentText; SqlDateOrNull","modAppShell; modFwTranslationRuntime; modLicenseHandler; modSecurityHandler; modSqlHelper","6","Private Function ResolveEnvironmentText() As String","modTranslationService","MERGE_WITH_SIGNATURE_UNIFICATION","MEDIUM"
"DG-SIM-048","SIMILAR","SetControlEnabledIfPresent; SetControlVisibleIfPresent","modAppShell","2","Private Sub SetControlEnabledIfPresent(     ByVal formInstance As Access.Form,     ByVal ControlName As String,     ByVal isEnabled As Boolean)","MANUAL_TARGET_SELECTION","KEEP_PRIVATE","MEDIUM"
"DG-SIM-049","SIMILAR","ClearShellSearchText; SetFieldValueIfPresent","modAppShell; modArticleGroupService; modArticleService","3","Private Sub ClearShellSearchText(ByVal shellForm As Access.Form)","MANUAL_TARGET_SELECTION","MERGE_WITH_SIGNATURE_UNIFICATION","MEDIUM"
"DG-SIM-050","SIMILAR","GetConfigValue; SupportsWorkspaceCommandBarApi","modAppShell; modConfigIni","2","Private Function SupportsWorkspaceCommandBarApi(ByVal workspaceForm As Access.Form) As Boolean","modConfigIni","MERGE_WITH_SIGNATURE_UNIFICATION","MEDIUM"
"DG-SIM-051","SIMILAR","TryGetHostedForm; TryGetHostedWorkspaceForm","modAppShell; modAppWorkspaceService","2","Private Function TryGetHostedForm(ByVal hostControl As Control) As Access.Form","MANUAL_TARGET_SELECTION","MERGE_WITH_SIGNATURE_UNIFICATION","MEDIUM"
"DG-SIM-052","SIMILAR","FormExists; ReportExists","modAppWorkspaceService","2","Private Function FormExists(ByVal form_name As String) As Boolean","MANUAL_TARGET_SELECTION","MERGE_WITH_SIGNATURE_UNIFICATION","MEDIUM"
"DG-SIM-053","SIMILAR","GetCurrentRecordIdText; TryGetWorkspaceState","modAppWorkspaceService","2","Private Function GetCurrentRecordIdText(ByVal workspaceForm As Access.Form) As String","MANUAL_TARGET_SELECTION","KEEP_PRIVATE","MEDIUM"
"DG-SIM-054","SIMILAR","GetHistoryValue; ResolveMetadataValue","modAppWorkspaceService; modFwTranslationEditService","2","Private Function GetHistoryValue(ByVal historyItemText As String, ByVal keyName As String) As String","MANUAL_TARGET_SELECTION","MERGE_WITH_SIGNATURE_UNIFICATION","MEDIUM"
"DG-SIM-055","SIMILAR","SetWorkspaceFocus; TryFocusControl","modAppWorkspaceService; modFwValidationRuntime","2","Private Sub SetWorkspaceFocus(ByVal workspaceHost As Control)","MANUAL_TARGET_SELECTION","MERGE_WITH_SIGNATURE_UNIFICATION","MEDIUM"
"DG-SIM-056","SIMILAR","BuildArticleGroupSearchFilter; BuildArticleSearchFilter","modArticleGroupService; modArticleService","2","Public Function BuildArticleGroupSearchFilter(ByVal searchText As String) As String","MANUAL_TARGET_SELECTION","MERGE_WITH_SIGNATURE_UNIFICATION","MEDIUM"
"DG-SIM-057","SIMILAR","IsFieldMissingValue; IsValueEmpty","modAuditHelper; modDemoDataSeeder","2","Private Function IsValueEmpty(ByVal fieldValue As Variant) As Boolean","MANUAL_TARGET_SELECTION","MERGE_WITH_SIGNATURE_UNIFICATION","MEDIUM"
"DG-SIM-058","SIMILAR","CreateRefAddressingMode; CreateRefAddressType; CreateRefContactType; CreateRefSalutation; CreateRefUnits","modBasicModuleSchema","5","Private Sub CreateRefAddressType(ByVal db As DAO.Database)","MANUAL_TARGET_SELECTION","KEEP_PRIVATE","MEDIUM"
"DG-SIM-059","SIMILAR","EnsureCurrencyField; EnsureDoubleField","modBasicModuleSchema","2","Private Function EnsureDoubleField(ByVal db As DAO.Database, ByVal tableName As String, ByVal fieldName As String, ByVal defaultValue As Double, ByVal updateNullValues As Boolean) As Boolean","MANUAL_TARGET_SELECTION","MERGE_WITH_SIGNATURE_UNIFICATION","MEDIUM"
"DG-SIM-060","SIMILAR","BuildExpectedKeyToken; NormalizeAdjustmentType; NormalizeFeatureCode; NormalizeModuleName; NormalizeRoleCode; NormalizeTextKey; NormalizeToken; NormalizeVatMode","modConfigIni; modDocumentCalculationService; modFwTranslationAuditService; modGlobals; modModuleManager; modSecurityHandler; modSessionContext; modTranslationService; modVatHandler","9","Private Function NormalizeToken(ByVal Value As String) As String","MANUAL_TARGET_SELECTION","MERGE_WITH_SIGNATURE_UNIFICATION","MEDIUM"
"DG-SIM-061","SIMILAR","BoolText; BoolToIni; SqlBoolean","modConfigIni; modFwDiagnostics; modSqlHelper","3","Private Function BoolToIni(ByVal Value As Boolean) As String","modConfigIni","MERGE_WITH_SIGNATURE_UNIFICATION","MEDIUM"
"DG-SIM-062","SIMILAR","ResolveDocumentIdByNo; ResolveOrderIdByExternalReference","modDemoDataSeeder","2","Private Function ResolveDocumentIdByNo(ByVal db As DAO.Database, ByVal DocumentNo As String) As Long","MANUAL_TARGET_SELECTION","KEEP_PRIVATE","MEDIUM"
"DG-SIM-063","SIMILAR","PositionExists; SalesOrderLineExists","modDemoDataSeeder","2","Private Function PositionExists(ByVal db As DAO.Database, ByVal DocumentId As Long, ByVal LineNo As Long) As Boolean","MANUAL_TARGET_SELECTION","KEEP_PRIVATE","MEDIUM"
"DG-SIM-064","SIMILAR","DemoCityGeneva; DemoCityMunich; DemoCityZurich; DemoDeliveryNoteRemarks; DemoExportInvoiceRemarks; DemoLongInvoiceRemarks","modDemoDataSeeder","6","Private Function DemoCityZurich() As String","MANUAL_TARGET_SELECTION","KEEP_PRIVATE","MEDIUM"
"DG-SIM-065","SIMILAR","ResolveDocumentVatMode; ResolveOrderVatModeForContext","modDocumentCalculationService; modOrderCalculationService","2","Private Function ResolveDocumentVatMode(ByVal DocumentId As Long, ByVal defaultValue As String) As String","MANUAL_TARGET_SELECTION","MERGE_WITH_SIGNATURE_UNIFICATION","MEDIUM"
"DG-SIM-066","SIMILAR","GetPositionGrossAmount; GetPositionNetAmount; GetPositionVatAmount","modDocumentCalculationService","3","Private Function GetPositionNetAmount(ByVal rsPosition As DAO.Recordset) As Currency","MANUAL_TARGET_SELECTION","KEEP_PRIVATE","MEDIUM"
"DG-SIM-067","SIMILAR","GetRecordsetCurrencyValue; GetRecordsetDoubleValue","modDocumentCalculationService; modOrderCalculationService; modOrderRepository","5","Private Function GetRecordsetCurrencyValue(ByVal rs As DAO.Recordset, ByVal fieldName As String, ByVal defaultValue As Currency) As Currency","MANUAL_TARGET_SELECTION","MERGE_WITH_SIGNATURE_UNIFICATION","MEDIUM"
"DG-SIM-068","SIMILAR","GetDocumentNumber; GetDocumentStatus","modDocumentRepository","2","Public Function GetDocumentStatus(ByVal DocumentId As Long, Optional ByVal defaultValue As String = """") As String","MANUAL_TARGET_SELECTION","MERGE_WITH_SIGNATURE_UNIFICATION","MEDIUM"
"DG-SIM-069","SIMILAR","ResolveDocumentFieldValue; ResolveDocumentLongValue","modDocumentRepository","2","Private Function ResolveDocumentFieldValue(ByVal DocumentId As Long, ByVal fieldName As String, ByVal defaultValue As String) As String","MANUAL_TARGET_SELECTION","KEEP_PRIVATE","MEDIUM"
"DG-SIM-070","SIMILAR","IsControlDateTag; IsControlIntegerTag; IsControlNumericTag; IsControlRequired","modFormRuntime","4","Private Function IsControlRequired(ByVal controlTokens As Object) As Boolean","MANUAL_TARGET_SELECTION","KEEP_PRIVATE","MEDIUM"
"DG-SIM-071","SIMILAR","TryApplyDisabledPolicy; TryApplyLockedPolicy","modFormRuntime","2","Private Function TryApplyLockedPolicy(ByVal ControlInstance As Control) As Boolean","MANUAL_TARGET_SELECTION","KEEP_PRIVATE","MEDIUM"
"DG-SIM-072","SIMILAR","TryFocusControl; TrySetInitialFocus","modFormRuntime","2","Private Function TrySetInitialFocus(ByVal ControlInstance As Control) As Boolean","modConfigIni","MERGE_WITH_SIGNATURE_UNIFICATION","MEDIUM"
"DG-SIM-073","SIMILAR","GetMaxValue; GetMinValue","modFormRuntime","2","Private Function GetMinValue(ByVal controlTokens As Object, ByRef minValue As Double) As Boolean","MANUAL_TARGET_SELECTION","KEEP_PRIVATE","MEDIUM"
"DG-SIM-074","SIMILAR","IsControlValueDateValid; IsControlValueNumericValid","modFormRuntime","2","Private Function IsControlValueNumericValid(ByVal ControlInstance As Control) As Boolean","MANUAL_TARGET_SELECTION","KEEP_PRIVATE","MEDIUM"
"DG-SIM-075","SIMILAR","TryShowInvalidFieldsMessage; TryShowRequiredFieldsMessage","modFormRuntime","2","Private Sub TryShowRequiredFieldsMessage(ByVal MissingFieldNames As Collection, ByVal FormName As String)","MANUAL_TARGET_SELECTION","KEEP_PRIVATE","MEDIUM"
"DG-SIM-076","SIMILAR","GetMaxLenValue; GetMinLenValue","modFormRuntime","2","Private Function GetMinLenValue(ByVal controlTokens As Object, ByRef minLenValue As Long) As Boolean","MANUAL_TARGET_SELECTION","KEEP_PRIVATE","MEDIUM"
"DG-SIM-077","SIMILAR","EnsureRoleStore; EnsureValidationColorStore","modFormRuntime; modSessionContext","2","Private Sub EnsureValidationColorStore()","MANUAL_TARGET_SELECTION","MERGE_WITH_SIGNATURE_UNIFICATION","HIGH"
"DG-SIM-078","SIMILAR","GetControlCaptionValue; GetControlTagValue","modFwComposerService","2","Public Function GetControlTagValue(     ByVal objectType As String,     ByVal objectName As String,     ByVal ControlName As String ) As String","MANUAL_TARGET_SELECTION","MERGE_WITH_SIGNATURE_UNIFICATION","MEDIUM"
"DG-SIM-079","SIMILAR","IsAsciiDigit; IsAsciiLower; IsAsciiUpper","modFwComposerService","3","Private Function IsAsciiUpper(ByVal Value As String) As Boolean","MANUAL_TARGET_SELECTION","KEEP_PRIVATE","MEDIUM"
"DG-SIM-080","SIMILAR","IsAsciiLetter; IsAsciiLetterOrDigit","modFwComposerService","2","Private Function IsAsciiLetter(ByVal Value As String) As Boolean","MANUAL_TARGET_SELECTION","KEEP_PRIVATE","MEDIUM"
"DG-SIM-081","SIMILAR","GetControlCaptionForLoadedObject; GetControlTagForLoadedObject","modFwComposerService","2","Private Function GetControlCaptionForLoadedObject(     ByVal objectType As String,     ByVal objectName As String,     ByVal ControlName As String ) As String","MANUAL_TARGET_SELECTION","KEEP_PRIVATE","MEDIUM"
"DG-SIM-082","SIMILAR","GetCaptionPropertySafely; GetControlVisibleSafely; GetTagPropertySafely","modFwComposerService; modFwValidationRuntime","3","Private Function GetControlVisibleSafely(ByVal ctl As Control) As Boolean","MANUAL_TARGET_SELECTION","MERGE_WITH_SIGNATURE_UNIFICATION","MEDIUM"
"DG-SIM-083","SIMILAR","SetControlCaptionForLoadedObject; SetControlTagForLoadedObject","modFwComposerService","2","Private Function SetControlCaptionForLoadedObject(     ByVal objectType As String,     ByVal objectName As String,     ByVal ControlName As String,     ByVal CaptionValue As String ) As Boolean","MANUAL_TARGET_SELECTION","KEEP_PRIVATE","MEDIUM"
"DG-SIM-084","SIMILAR","ApplyNormalizeControls; LogInfo; LogWarning; PreviewNormalizeControls","modFwControlNamingTool; modLoggingHandler","4","Public Sub PreviewNormalizeControls(ByVal objectName As String, Optional ByVal objectType As String = OBJECT_TYPE_FORM)","modLoggingHandler","MERGE_WITH_SIGNATURE_UNIFICATION","MEDIUM"
"DG-SIM-085","SIMILAR","GetCaptionValue; GetControlSourceValue","modFwControlNamingTool","2","Private Function GetControlSourceValue(ByVal ctl As Control) As String","MANUAL_TARGET_SELECTION","MERGE_WITH_SIGNATURE_UNIFICATION","MEDIUM"
"DG-SIM-086","SIMILAR","LogToolInfo; LogToolWarning","modFwControlNamingTool","2","Private Sub LogToolInfo(ByVal category As String, ByVal messageText As String)","modLoggingHandler","KEEP_PRIVATE","MEDIUM"
"DG-SIM-087","SIMILAR","ResolveCurrentUserId; ResolveCurrentUserName; ResolveTenantCode","modFwDiagnostics","3","Private Function ResolveCurrentUserName() As String","MANUAL_TARGET_SELECTION","MERGE_WITH_SIGNATURE_UNIFICATION","MEDIUM"
"DG-SIM-088","SIMILAR","GetControlPropertyBoolean; GetControlPropertyText","modFwDiagnostics","2","Private Function GetControlPropertyText(ByVal formInstance As Access.Form, ByVal ControlName As String, ByVal propertyName As String) As String","MANUAL_TARGET_SELECTION","KEEP_PRIVATE","MEDIUM"
"DG-SIM-089","SIMILAR","TryGetPropertyBoolean; TryGetPropertyLong; TryGetPropertyText","modFwDiagnostics","3","Private Function TryGetPropertyText(ByVal TargetObject As Object, ByVal propertyName As String) As String","MANUAL_TARGET_SELECTION","KEEP_PRIVATE","MEDIUM"
"DG-SIM-090","SIMILAR","EnsureAddressCockpitTags; EnsureOrderLinesTags","modFwSetup","2","Public Sub EnsureAddressCockpitTags()","MANUAL_TARGET_SELECTION","MERGE_WITH_SIGNATURE_UNIFICATION","MEDIUM"
"DG-SIM-091","SIMILAR","BuildAddressCockpitTranslationKey; BuildOrderLinesTranslationKey; BuildTagGeneratorTranslationKey","modFwSetup","3","Private Function BuildTagGeneratorTranslationKey(ByVal ControlName As String) As String","modTranslationService","KEEP_PRIVATE","MEDIUM"
"DG-SIM-092","SIMILAR","SeedContactTypeReference; SeedUnitReference","modFwSetup","2","Public Sub SeedUnitReference()","MANUAL_TARGET_SELECTION","MERGE_WITH_SIGNATURE_UNIFICATION","MEDIUM"
"DG-SIM-093","SIMILAR","InsertAddressingMode; InsertAddressType; InsertContactType; InsertSalutation; InsertUnit","modFwSetup","5","Private Sub InsertAddressType(     ByVal db As DAO.Database,     ByVal addressTypeCode As String,     ByVal translationKey As String,     ByVal sortOrder As Long,     ByVal isActive As Boolean)","MANUAL_TARGET_SELECTION","KEEP_PRIVATE","MEDIUM"
"DG-SIM-094","SIMILAR","InsertSalutationTranslations; InsertVatCodeTranslations","modFwSetup","2","Private Sub InsertSalutationTranslations(ByVal db As DAO.Database)","modTranslationService","KEEP_PRIVATE","MEDIUM"
"DG-SIM-095","SIMILAR","InsertContactTypeTranslations; InsertUnitTranslations","modFwSetup","2","Private Sub InsertContactTypeTranslations(ByVal db As DAO.Database)","modTranslationService","KEEP_PRIVATE","MEDIUM"
"DG-SIM-096","SIMILAR","GetCurrentLanguageCode; GetDocumentRootPath","modFwTranslationRuntime; modOutputPathService","2","Public Function GetCurrentLanguageCode() As String","modTranslationService","MERGE_WITH_SIGNATURE_UNIFICATION","MEDIUM"
"DG-SIM-097","SIMILAR","GetCaptionValue; GetTagValue","modFwTranslationRuntime","2","Private Function GetCaptionValue(ByVal target As Object) As String","MANUAL_TARGET_SELECTION","MERGE_WITH_SIGNATURE_UNIFICATION","MEDIUM"
"DG-SIM-098","SIMILAR","GetAttachedLabelCaption; GetAttachedLabelTag","modFwValidationRuntime","2","Private Function GetAttachedLabelCaption(ByVal ctl As Control) As String","MANUAL_TARGET_SELECTION","KEEP_PRIVATE","MEDIUM"
"DG-SIM-099","SIMILAR","RequireFeature; RequireModule","modLicenseHandler; modModuleManager","2","Public Sub RequireFeature(ByVal featureName As String, Optional ByVal RaiseError As Boolean = True)","MANUAL_TARGET_SELECTION","MERGE_WITH_SIGNATURE_UNIFICATION","MEDIUM"
"DG-SIM-100","SIMILAR","FieldExists; IndexExists","modMigrationPaymentTerms; modMigrationTranslations","3","Private Function FieldExists(ByVal db As DAO.Database, ByVal tableName As String, ByVal fieldName As String) As Boolean","modDb","MERGE_WITH_SIGNATURE_UNIFICATION","MEDIUM"
"DG-SIM-101","SIMILAR","GetActiveModules; GetCurrentUserRoles","modModuleManager; modSessionContext","2","Public Function GetActiveModules() As Collection","MANUAL_TARGET_SELECTION","MERGE_WITH_SIGNATURE_UNIFICATION","HIGH"
"DG-SIM-102","SIMILAR","GetCurrentNumberValue; NumberRangeExists","modNumberRangeRepository","2","Public Function GetCurrentNumberValue(ByVal DocumentTypeCode As String, ByVal FiscalYear As Long) As Long","MANUAL_TARGET_SELECTION","MERGE_WITH_SIGNATURE_UNIFICATION","MEDIUM"
"DG-SIM-103","SIMILAR","EnsureOrderCalculationSchema; IsSessionInitialized; IsTenantInitialized","modOrderCalculationService; modSessionContext; modTenantContext","3","Public Function EnsureOrderCalculationSchema() As Boolean","modDb","MERGE_WITH_SIGNATURE_UNIFICATION","HIGH"
"DG-SIM-104","SIMILAR","CalculateOrderLineAmounts; CalculateTemporaryOrderLineAmounts; RecalculateOrder; RecalculateTemporaryOrder","modOrderCalculationService","4","Public Function CalculateOrderLineAmounts(ByVal OrderLineId As Long) As Boolean","MANUAL_TARGET_SELECTION","MERGE_WITH_SIGNATURE_UNIFICATION","MEDIUM"
"DG-SIM-105","SIMILAR","CalculateOrderLineAmountsByOrderAndLineNo; CalculateOrderTotals; CalculateTemporaryOrderLineAmountsByOrderAndLineNo; CalculateTemporaryOrderTotals","modOrderCalculationService","4","Public Function CalculateOrderLineAmountsByOrderAndLineNo(ByVal OrderId As Long, ByVal lineNo As Long) As Boolean","MANUAL_TARGET_SELECTION","MERGE_WITH_SIGNATURE_UNIFICATION","MEDIUM"
"DG-SIM-106","SIMILAR","ResolveDefaultStandardVatCode; ResolveDefaultZeroVatCode","modOrderRepository","2","Private Function ResolveDefaultZeroVatCode(ByVal tenantCountryCode As String) As String","MANUAL_TARGET_SELECTION","KEEP_PRIVATE","MEDIUM"
"DG-SIM-107","SIMILAR","SetCreatedAuditFields; SetUpdatedAuditFields","modOrderRepository","2","Private Sub SetCreatedAuditFields(ByVal rs As DAO.Recordset)","MANUAL_TARGET_SELECTION","KEEP_PRIVATE","MEDIUM"
"DG-SIM-108","SIMILAR","CanReadTenantParameters; CanReadUsers","modTenantRepository; modUserRepository","2","Private Function CanReadTenantParameters() As Boolean","MANUAL_TARGET_SELECTION","MERGE_WITH_SIGNATURE_UNIFICATION","MEDIUM"
"DG-SIM-109","SIMILAR","GetUserDisplayName; GetUserRoleCode","modUserRepository","2","Public Function GetUserDisplayName(ByVal UserId As String, Optional ByVal defaultValue As String = """") As String","MANUAL_TARGET_SELECTION","MERGE_WITH_SIGNATURE_UNIFICATION","MEDIUM"
"DG-NAME-110","SAME_NAME_DIFFERENT","TableExists","modAddressRepository; modAppNavigationService; modArticleGroupService; modBasicModuleSchema; modContactRepository; modDemoDataSeeder; modDocumentCalculationService; modDocumentRepository; modFwComposerService; modFwTranslationAuditService; modFwTranslationEditService; modFwTranslationRuntime; modFwTranslationTagGeneratorService; modMigrationPaymentTerms; modMigrationTranslations; modNumberRangeRepository; modOrderRepository; modOutputPathService; modTenantRepository; modUserRepository","20","Private Function TableExists(ByVal tableName As String) As Boolean","modDb","MANUAL_REVIEW","HIGH"
"DG-NAME-111","SAME_NAME_DIFFERENT","ResolveBackendStatusText","modAppDashboardService; modAppShell","2","Private Function ResolveBackendStatusText() As String","MANUAL_TARGET_SELECTION","MANUAL_REVIEW","HIGH"
"DG-NAME-112","SAME_NAME_DIFFERENT","SetDisplayValueIfPresent","modAppDashboardService; modAppShell","2","Private Sub SetDisplayValueIfPresent(     ByVal formInstance As Access.Form,     ByVal ControlName As String,     ByVal valueText As String)","MANUAL_TARGET_SELECTION","MANUAL_REVIEW","HIGH"
"DG-NAME-113","SAME_NAME_DIFFERENT","SetCaptionIfPresent","modAppDashboardService; modAppShell","2","Private Sub SetCaptionIfPresent(     ByVal formInstance As Access.Form,     ByVal ControlName As String,     ByVal translation_key As String,     ByVal fallback_text As String)","MANUAL_TARGET_SELECTION","MANUAL_REVIEW","HIGH"
"DG-NAME-114","SAME_NAME_DIFFERENT","HasControl","modAppDashboardService; modAppShell; modAppWorkspaceService; modFwTranslationEditService","4","Private Function HasControl(ByVal formInstance As Access.Form, ByVal ControlName As String) As Boolean","MANUAL_TARGET_SELECTION","MANUAL_REVIEW","HIGH"
"DG-NAME-115","SAME_NAME_DIFFERENT","EnsureFieldExists","modAppNavigationService; modArticleGroupService","2","Private Sub EnsureFieldExists(ByVal table_name As String, ByVal field_name As String, ByVal ddlType As String)","modDb","MANUAL_REVIEW","HIGH"
"DG-NAME-116","SAME_NAME_DIFFERENT","EnsureIndexExists","modAppNavigationService; modArticleGroupService","2","Private Sub EnsureIndexExists(ByVal table_name As String, ByVal indexName As String, ByVal createSql As String)","modDb","MANUAL_REVIEW","HIGH"
"DG-NAME-117","SAME_NAME_DIFFERENT","FieldExists","modAppNavigationService; modArticleGroupService; modBasicModuleSchema; modDemoDataSeeder; modDocumentCalculationService; modMigrationPaymentTerms; modMigrationTranslations","7","Private Function FieldExists(ByVal table_name As String, ByVal field_name As String) As Boolean","modDb","MANUAL_REVIEW","HIGH"
"DG-NAME-118","SAME_NAME_DIFFERENT","IndexExists","modAppNavigationService; modArticleGroupService; modBasicModuleSchema; modMigrationPaymentTerms","4","Private Function IndexExists(ByVal table_name As String, ByVal indexName As String) As Boolean","modDb","MANUAL_REVIEW","HIGH"
"DG-NAME-119","SAME_NAME_DIFFERENT","GetBaseLanguageCode","modAppShell; modFwTranslationRuntime","2","Private Function GetBaseLanguageCode(ByVal languageCode As String) As String","modTranslationService","MANUAL_REVIEW","HIGH"
"DG-NAME-120","SAME_NAME_DIFFERENT","TryGetHostedForm","modAppShell; modFwDiagnostics","2","Private Function TryGetHostedForm(ByVal hostControl As Control) As Access.Form","MANUAL_TARGET_SELECTION","MANUAL_REVIEW","HIGH"
"DG-NAME-121","SAME_NAME_DIFFERENT","ReportExists","modAppWorkspaceService; modPdfExportService","2","Private Function ReportExists(ByVal report_name As String) As Boolean","MANUAL_TARGET_SELECTION","MANUAL_REVIEW","HIGH"
"DG-NAME-122","SAME_NAME_DIFFERENT","ApplyDefaultValues","modArticleGroupService; modArticleService","2","Public Sub ApplyDefaultValues(ByVal formInstance As Access.Form)","MANUAL_TARGET_SELECTION","MANUAL_REVIEW","HIGH"
"DG-NAME-123","SAME_NAME_DIFFERENT","ResolveFieldText","modArticleGroupService; modArticleService","2","Private Function ResolveFieldText(ByVal formInstance As Access.Form, ByVal fieldName As String) As String","MANUAL_TARGET_SELECTION","MANUAL_REVIEW","HIGH"
"DG-NAME-124","SAME_NAME_DIFFERENT","ResolveAuditUserName","modAuditHelper; modOrderRepository","2","Public Function ResolveAuditUserName() As String","MANUAL_TARGET_SELECTION","MANUAL_REVIEW","HIGH"
"DG-NAME-125","SAME_NAME_DIFFERENT","SetRecordsetFieldValue","modAuditHelper; modFwTranslationAuditService","2","Public Sub SetRecordsetFieldValue(ByVal targetForm As Access.Form, ByVal fieldName As String, ByVal fieldValue As Variant)","MANUAL_TARGET_SELECTION","MANUAL_REVIEW","HIGH"
"DG-NAME-126","SAME_NAME_DIFFERENT","IsLinkedAccessTable","modBackendLinker; modBasicModuleSchema","2","Private Function IsLinkedAccessTable(ByVal tableDef As DAO.tableDef) As Boolean","MANUAL_TARGET_SELECTION","MANUAL_REVIEW","HIGH"
"DG-NAME-127","SAME_NAME_DIFFERENT","EnsureTextField","modBasicModuleSchema; modDocumentCalculationService","2","Private Function EnsureTextField(ByVal db As DAO.Database, ByVal tableName As String, ByVal fieldName As String, ByVal FieldSize As Long, ByVal defaultValue As String, ByVal updateNullValues As Boolean) As Boolean","MANUAL_TARGET_SELECTION","MANUAL_REVIEW","HIGH"
"DG-NAME-128","SAME_NAME_DIFFERENT","EnsureCurrencyField","modBasicModuleSchema; modDocumentCalculationService","2","Private Function EnsureCurrencyField(ByVal db As DAO.Database, ByVal tableName As String, ByVal fieldName As String, ByVal defaultValue As Currency, ByVal updateNullValues As Boolean) As Boolean","MANUAL_TARGET_SELECTION","MANUAL_REVIEW","HIGH"
"DG-NAME-129","SAME_NAME_DIFFERENT","SqlText","modBasicModuleSchema; modDemoDataSeeder; modOrderRepository; modSqlHelper","4","Private Function SqlText(ByVal valueText As String) As String","MANUAL_TARGET_SELECTION","MANUAL_REVIEW","HIGH"
"DG-NAME-130","SAME_NAME_DIFFERENT","ContactExists","modContactRepository; modDemoDataSeeder","2","Public Function ContactExists(ByVal ContactId As Long) As Boolean","MANUAL_TARGET_SELECTION","MANUAL_REVIEW","HIGH"
"DG-NAME-131","SAME_NAME_DIFFERENT","NzString","modDaoHelper; modFormLocalization; modFwTranslationRuntime; modFwValidationRuntime","4","Public Function NzString(ByVal Value As Variant, Optional ByVal defaultValue As String = """") As String","MANUAL_TARGET_SELECTION","MANUAL_REVIEW","HIGH"
"DG-NAME-132","SAME_NAME_DIFFERENT","RecordsetHasField","modDaoHelper; modDemoDataSeeder","2","Public Function RecordsetHasField(ByVal rs As DAO.Recordset, ByVal fieldName As String) As Boolean","MANUAL_TARGET_SELECTION","MANUAL_REVIEW","HIGH"
"DG-NAME-133","SAME_NAME_DIFFERENT","UpdateDocumentTotals","modDemoDataSeeder; modDocumentRepository","2","Private Sub UpdateDocumentTotals(ByVal db As DAO.Database)","MANUAL_TARGET_SELECTION","MANUAL_REVIEW","HIGH"
"DG-NAME-134","SAME_NAME_DIFFERENT","SetFieldIfExists","modDemoDataSeeder; modMigrationTranslations","2","Private Sub SetFieldIfExists(ByVal rs As DAO.Recordset, ByVal fieldName As String, ByVal Value As Variant)","MANUAL_TARGET_SELECTION","MANUAL_REVIEW","HIGH"
"DG-NAME-135","SAME_NAME_DIFFERENT","SqlNumber","modDemoDataSeeder; modMigrationPaymentTerms","2","Private Function SqlNumber(ByVal Value As Variant) As String","MANUAL_TARGET_SELECTION","MANUAL_REVIEW","HIGH"
"DG-NAME-136","SAME_NAME_DIFFERENT","SqlDate","modDemoDataSeeder; modMigrationPaymentTerms","2","Private Function SqlDate(ByVal Value As Variant) As String","MANUAL_TARGET_SELECTION","MANUAL_REVIEW","HIGH"
"DG-NAME-137","SAME_NAME_DIFFERENT","NullIfEmpty","modDemoDataSeeder; modFwTranslationTagGeneratorService","2","Private Function NullIfEmpty(ByVal Value As String) As Variant","MANUAL_TARGET_SELECTION","MANUAL_REVIEW","HIGH"
"DG-NAME-138","SAME_NAME_DIFFERENT","ResolveGrossAmount","modDocumentCalculationService; modOrderCalculationService","2","Private Function ResolveGrossAmount(ByVal NetAmount As Currency, ByVal VatAmount As Currency, ByVal vatRate As Double, ByVal VatMode As String) As Currency","MANUAL_TARGET_SELECTION","MANUAL_REVIEW","HIGH"
"DG-NAME-139","SAME_NAME_DIFFERENT","DocumentExists","modDocumentCalculationService; modDocumentRepository","2","Private Function DocumentExists(ByVal DocumentId As Long) As Boolean","MANUAL_TARGET_SELECTION","MANUAL_REVIEW","HIGH"
"DG-NAME-140","SAME_NAME_DIFFERENT","ResolveCurrencyCode","modDocumentRepository; modOrderRepository","2","Private Function ResolveCurrencyCode() As String","MANUAL_TARGET_SELECTION","MANUAL_REVIEW","HIGH"
"DG-NAME-141","SAME_NAME_DIFFERENT","ParseTagTokens","modFormRuntime; modFwValidationRuntime","2","Private Function ParseTagTokens(ByVal TagValue As String) As Object","MANUAL_TARGET_SELECTION","MANUAL_REVIEW","HIGH"
"DG-NAME-142","SAME_NAME_DIFFERENT","TryFocusControl","modFormRuntime; modFwValidationRuntime","2","Private Function TryFocusControl(ByVal ControlInstance As Control) As Boolean","MANUAL_TARGET_SELECTION","MANUAL_REVIEW","HIGH"
"DG-NAME-143","SAME_NAME_DIFFERENT","NormalizeObjectType","modFwComposerService; modFwControlNamingTool","2","Private Function NormalizeObjectType(ByVal objectType As String) As String","MANUAL_TARGET_SELECTION","MANUAL_REVIEW","HIGH"
"DG-NAME-144","SAME_NAME_DIFFERENT","ObjectExists","modFwComposerService; modFwControlNamingTool","2","Private Function ObjectExists(ByVal objectType As String, ByVal objectName As String) As Boolean","MANUAL_TARGET_SELECTION","MANUAL_REVIEW","HIGH"
"DG-NAME-145","SAME_NAME_DIFFERENT","GetControlTagSafely","modFwComposerService; modFwTranslationAuditService","2","Private Function GetControlTagSafely(ByVal ctl As Control) As String","MANUAL_TARGET_SELECTION","MANUAL_REVIEW","HIGH"
"DG-NAME-146","SAME_NAME_DIFFERENT","TranslationRowExists","modFwComposerService; modFwTranslationAuditService","2","Private Function TranslationRowExists(     ByVal db As DAO.Database,     ByVal translationKey As String,     ByVal languageCode As String ) As Boolean","modTranslationService","MANUAL_REVIEW","HIGH"
"DG-NAME-147","SAME_NAME_DIFFERENT","GetCaptionValue","modFwControlNamingTool; modFwTranslationRuntime","2","Private Function GetCaptionValue(ByVal ctl As Object) As String","MANUAL_TARGET_SELECTION","MANUAL_REVIEW","HIGH"
"DG-NAME-148","SAME_NAME_DIFFERENT","ResolveTenantCode","modFwDiagnostics; modTenantRepository; modUserRepository","3","Private Function ResolveTenantCode() As String","MANUAL_TARGET_SELECTION","MANUAL_REVIEW","HIGH"
"DG-NAME-149","SAME_NAME_DIFFERENT","NormalizeTranslationKey","modFwTranslationEditService; modFwTranslationRuntime","2","Private Function NormalizeTranslationKey(ByVal translationKey As String) As String","modTranslationService","MANUAL_REVIEW","HIGH"
"DG-NAME-150","SAME_NAME_DIFFERENT","LookupTranslation","modFwTranslationRuntime; modTranslationService","2","Private Function LookupTranslation(     ByVal db As DAO.Database,     ByVal translationKey As String,     ByVal languageCode As String) As String","modTranslationService","MANUAL_REVIEW","HIGH"
"DG-NAME-151","SAME_NAME_DIFFERENT","NormalizeLanguageCode","modFwTranslationRuntime; modTranslationService","2","Private Function NormalizeLanguageCode(ByVal languageCode As String) As String","modTranslationService","MANUAL_REVIEW","HIGH"
"DG-NAME-152","SAME_NAME_DIFFERENT","GetTagValue","modFwTranslationRuntime; modFwValidationRuntime","2","Private Function GetTagValue(ByVal target As Object) As String","MANUAL_TARGET_SELECTION","MANUAL_REVIEW","HIGH"
"DG-NAME-153","SAME_NAME_DIFFERENT","BuildTranslationKey","modFwTranslationTagGeneratorService; modTranslationService","2","Private Function BuildTranslationKey(ByVal FormName As String, ByVal ControlName As String) As String","modTranslationService","MANUAL_REVIEW","HIGH"
"DG-NAME-154","SAME_NAME_DIFFERENT","FindNumberRangeRow","modNumberRangeRepository; modOrderRepository","2","Private Function FindNumberRangeRow(ByVal rs As DAO.Recordset, ByVal DocumentTypeCode As String, ByVal FiscalYear As Long) As Boolean","MANUAL_TARGET_SELECTION","MANUAL_REVIEW","HIGH"
