"GroupId","Classification","ProcedureNames","Modules","DefinitionCount","Visibility","Signatures","FunctionalCommonalities","RelevantDifferences","CallSiteCount","CallingModules","ProposedCanonicalSignature","ProposedTargetModule","RecommendedAction","RiskLevel"
"DG-EXACT-001","EXACT","TableExists","modAddressRepository; modContactRepository; modDocumentRepository; modNumberRangeRepository; modTenantRepository; modUserRepository","6","Private","Private Function TableExists(ByVal tableName As String) As Boolean","DAO.Database; ErrorHandling","","684","modAddressRepository; modAppNavigationService; modArticleGroupService; modBasicModuleSchema; modContactRepository; modDemoDataSeeder; modDocumentCalculationService; modDocumentRepository; modFwComposerService; modFwSetup; modFwTranslationAuditService; modFwTranslationEditService; modFwTranslationRuntime; modFwTranslationTagGeneratorService; modMigrationPaymentTerms; modMigrationTranslations; modNumberRangeRepository; modOrderRepository; modOutputPathService; modTenantRepository; modUserRepository","Private Function TableExists(ByVal tableName As String) As Boolean","modDb","MERGE_EXACT","LOW"
"DG-EXACT-002","EXACT","SetRecordsetFieldValue; SetRecordsetValue","modAddressRepository; modContactRepository; modDocumentCalculationService; modDocumentRepository; modFwTranslationAuditService; modOrderCalculationService; modOrderRepository","7","Private","Private Sub SetRecordsetFieldValue(ByVal rs As DAO.Recordset, ByVal fieldName As String, ByVal fieldValue As Variant) || Private Sub SetRecordsetValue(ByVal rs As DAO.Recordset, ByVal fieldName As String, ByVal fieldValue As Variant)","","Signature","916","modAddressRepository; modContactRepository; modDocumentCalculationService; modDocumentRepository; modFwTranslationAuditService; modOrderCalculationService; modOrderRepository","Private Sub SetRecordsetValue(ByVal rs As DAO.Recordset, ByVal fieldName As String, ByVal fieldValue As Variant)","MANUAL_TARGET_SELECTION","MERGE_EXACT","LOW"
"DG-EXACT-003","EXACT","ResolveFieldValue","modAddressRepository; modContactRepository","2","Private","Private Function ResolveFieldValue(ByVal rs As DAO.Recordset, ByVal fieldName As String, ByVal defaultValue As String) As String","","","20","modAddressRepository; modContactRepository","Private Function ResolveFieldValue(ByVal rs As DAO.Recordset, ByVal fieldName As String, ByVal defaultValue As String) As String","MANUAL_TARGET_SELECTION","MERGE_EXACT","LOW"
"DG-EXACT-004","EXACT","ResolveCreatedBy","modAddressRepository; modContactRepository; modDocumentRepository","3","Private","Private Function ResolveCreatedBy() As String","","","27","modAddressRepository; modContactRepository; modDocumentRepository","Private Function ResolveCreatedBy() As String","MANUAL_TARGET_SELECTION","MERGE_EXACT","LOW"
"DG-EXACT-005","EXACT","HasControl","modAppDashboardService; modAppShell; modAppWorkspaceService","3","Private","Private Function HasControl(ByVal formInstance As Access.Form, ByVal ControlName As String) As Boolean","ErrorHandling","","81","modAppDashboardService; modAppShell; modAppWorkspaceService; modFwTranslationEditService","Private Function HasControl(ByVal formInstance As Access.Form, ByVal ControlName As String) As Boolean","MANUAL_TARGET_SELECTION","MERGE_EXACT","LOW"
"DG-EXACT-006","EXACT","ExecuteSql","modAppNavigationService; modArticleGroupService","2","Private","Private Sub ExecuteSql(ByVal sqlStatement As String)","CurrentDb","","18","modAppNavigationService; modArticleGroupService","Private Sub ExecuteSql(ByVal sqlStatement As String)","MANUAL_TARGET_SELECTION","MERGE_EXACT","MEDIUM"
"DG-EXACT-007","EXACT","ConvertFieldNameToPascal","modArticleGroupService; modArticleService","2","Private","Private Function ConvertFieldNameToPascal(ByVal fieldName As String) As String","","","12","modArticleGroupService; modArticleService","Private Function ConvertFieldNameToPascal(ByVal fieldName As String) As String","MANUAL_TARGET_SELECTION","MERGE_EXACT","LOW"
"DG-EXACT-008","EXACT","SetFieldValueIfPresent","modArticleGroupService; modArticleService","2","Private","Private Sub SetFieldValueIfPresent(ByVal formInstance As Access.Form, ByVal fieldName As String, ByVal fieldValue As Variant)","ErrorHandling","","20","modArticleGroupService; modArticleService","Private Sub SetFieldValueIfPresent(ByVal formInstance As Access.Form, ByVal fieldName As String, ByVal fieldValue As Variant)","MANUAL_TARGET_SELECTION","MERGE_EXACT","LOW"
"DG-EXACT-009","EXACT","EscapeLikeValue","modArticleGroupService; modArticleService","2","Private","Private Function EscapeLikeValue(ByVal valueText As String) As String","","","8","modArticleGroupService; modArticleService","Private Function EscapeLikeValue(ByVal valueText As String) As String","MANUAL_TARGET_SELECTION","MERGE_EXACT","LOW"
"DG-EXACT-010","EXACT","HasFormControl","modArticleGroupService; modArticleService","2","Private","Private Function HasFormControl(ByVal formInstance As Access.Form, ByVal ControlName As String) As Boolean","ErrorHandling","","38","modArticleGroupService; modArticleService","Private Function HasFormControl(ByVal formInstance As Access.Form, ByVal ControlName As String) As Boolean","MANUAL_TARGET_SELECTION","MERGE_EXACT","LOW"
"DG-EXACT-011","EXACT","TableExists","modBasicModuleSchema; modOrderRepository","2","Private","Private Function TableExists(ByVal db As DAO.Database, ByVal tableName As String) As Boolean","ErrorHandling","","228","modAddressRepository; modAppNavigationService; modArticleGroupService; modBasicModuleSchema; modContactRepository; modDemoDataSeeder; modDocumentCalculationService; modDocumentRepository; modFwComposerService; modFwSetup; modFwTranslationAuditService; modFwTranslationEditService; modFwTranslationRuntime; modFwTranslationTagGeneratorService; modMigrationPaymentTerms; modMigrationTranslations; modNumberRangeRepository; modOrderRepository; modOutputPathService; modTenantRepository; modUserRepository","Private Function TableExists(ByVal db As DAO.Database, ByVal tableName As String) As Boolean","modDb","MERGE_EXACT","LOW"
"DG-EXACT-012","EXACT","ApplyFieldDefaultValue","modBasicModuleSchema; modDocumentCalculationService","2","Private","Private Sub ApplyFieldDefaultValue(ByVal db As DAO.Database, ByVal tableName As String, ByVal fieldName As String, ByVal DefaultValueExpression As String)","ErrorHandling","","14","modBasicModuleSchema; modDocumentCalculationService","Private Sub ApplyFieldDefaultValue(ByVal db As DAO.Database, ByVal tableName As String, ByVal fieldName As String, ByVal DefaultValueExpression As String)","MANUAL_TARGET_SELECTION","MERGE_EXACT","LOW"
"DG-EXACT-013","EXACT","SqlText","modBasicModuleSchema; modOrderRepository","2","Private","Private Function SqlText(ByVal valueText As String) As String","","","712","modAppNavigationService; modAppShell; modArticleGroupService; modArticleService; modBasicModuleSchema; modDemoDataSeeder; modDocumentCalculationService; modDocumentRepository; modFwComposerService; modFwSetup; modFwTranslationAuditService; modFwTranslationEditService; modFwTranslationRuntime; modFwTranslationTagGeneratorService; modMigrationPaymentTerms; modMigrationTranslations; modOrderCalculationService; modOrderRepository; modSqlHelper","Private Function SqlText(ByVal valueText As String) As String","MANUAL_TARGET_SELECTION","MERGE_EXACT","LOW"
"DG-EXACT-014","EXACT","ExecSql","modDemoDataSeeder; modMigrationPaymentTerms","2","Private","Private Sub ExecSql(ByVal db As DAO.Database, ByVal sql As String)","","","20","modDemoDataSeeder; modMigrationPaymentTerms","Private Sub ExecSql(ByVal db As DAO.Database, ByVal sql As String)","MANUAL_TARGET_SELECTION","MERGE_EXACT","MEDIUM"
"DG-EXACT-015","EXACT","GetRecordsetStringValue","modDocumentCalculationService; modOrderCalculationService; modOrderRepository","3","Private","Private Function GetRecordsetStringValue(ByVal rs As DAO.Recordset, ByVal fieldName As String, ByVal defaultValue As String) As String","","","63","modDocumentCalculationService; modOrderCalculationService; modOrderRepository","Private Function GetRecordsetStringValue(ByVal rs As DAO.Recordset, ByVal fieldName As String, ByVal defaultValue As String) As String","MANUAL_TARGET_SELECTION","MERGE_EXACT","LOW"
"DG-EXACT-016","EXACT","GetRecordsetCurrencyValue","modDocumentCalculationService; modOrderCalculationService","2","Private","Private Function GetRecordsetCurrencyValue(ByVal rs As DAO.Recordset, ByVal fieldName As String, ByVal defaultValue As Currency) As Currency","","","50","modDocumentCalculationService; modOrderCalculationService","Private Function GetRecordsetCurrencyValue(ByVal rs As DAO.Recordset, ByVal fieldName As String, ByVal defaultValue As Currency) As Currency","MANUAL_TARGET_SELECTION","MERGE_EXACT","LOW"
"DG-EXACT-017","EXACT","GetRecordsetDoubleValue","modDocumentCalculationService; modOrderCalculationService; modOrderRepository","3","Private","Private Function GetRecordsetDoubleValue(ByVal rs As DAO.Recordset, ByVal fieldName As String, ByVal defaultValue As Double) As Double","","","45","modDocumentCalculationService; modOrderCalculationService; modOrderRepository","Private Function GetRecordsetDoubleValue(ByVal rs As DAO.Recordset, ByVal fieldName As String, ByVal defaultValue As Double) As Double","MANUAL_TARGET_SELECTION","MERGE_EXACT","LOW"
"DG-EXACT-018","EXACT","GetRecordsetLongValue","modDocumentCalculationService; modOrderCalculationService; modOrderRepository","3","Private","Private Function GetRecordsetLongValue(ByVal rs As DAO.Recordset, ByVal fieldName As String, ByVal defaultValue As Long) As Long","","","48","modDocumentCalculationService; modOrderCalculationService; modOrderRepository","Private Function GetRecordsetLongValue(ByVal rs As DAO.Recordset, ByVal fieldName As String, ByVal defaultValue As Long) As Long","MANUAL_TARGET_SELECTION","MERGE_EXACT","LOW"
"DG-EXACT-019","EXACT","RoundCurrency","modDocumentCalculationService; modDocumentService; modOrderCalculationService; modVatHandler","4","Private","Private Function RoundCurrency(ByVal Amount As Currency) As Currency","","","100","modDocumentCalculationService; modDocumentService; modOrderCalculationService; modVatHandler","Private Function RoundCurrency(ByVal Amount As Currency) As Currency","MANUAL_TARGET_SELECTION","MERGE_EXACT","LOW"
"DG-EXACT-020","EXACT","NzString","modFormLocalization; modFwTranslationRuntime; modFwValidationRuntime","3","Private","Private Function NzString(ByVal Value As Variant, Optional ByVal defaultValue As String = """") As String","","","606","modAddressRepository; modAppNavigationService; modAppShell; modArticleGroupService; modArticleService; modContactRepository; modDaoHelper; modDeepLTranslationService; modDocumentCalculationService; modDocumentRepository; modFormLocalization; modFwComposerService; modFwSetup; modFwTranslationAuditService; modFwTranslationEditService; modFwTranslationRuntime; modFwTranslationTagGeneratorService; modFwValidationRuntime; modNumberingHandler; modNumberRangeRepository; modOrderCalculationService; modOrderRepository; modTenantRepository; modTranslationService; modUserRepository","Private Function NzString(ByVal Value As Variant, Optional ByVal defaultValue As String = """") As String","MANUAL_TARGET_SELECTION","MERGE_EXACT","LOW"
"DG-EXACT-021","EXACT","IsObjectLoaded","modFwComposerService; modFwControlNamingTool","2","Private","Private Function IsObjectLoaded(ByVal objectType As String, ByVal objectName As String) As Boolean","ErrorHandling","","14","modFwComposerService; modFwControlNamingTool","Private Function IsObjectLoaded(ByVal objectType As String, ByVal objectName As String) As Boolean","MANUAL_TARGET_SELECTION","MERGE_EXACT","LOW"
"DG-EXACT-022","EXACT","GetObjectVisible","modFwComposerService; modFwControlNamingTool","2","Private","Private Function GetObjectVisible(ByVal objectType As String, ByVal objectName As String) As Boolean","ErrorHandling","","10","modFwComposerService; modFwControlNamingTool","Private Function GetObjectVisible(ByVal objectType As String, ByVal objectName As String) As Boolean","MANUAL_TARGET_SELECTION","MERGE_EXACT","LOW"
"DG-EXACT-023","EXACT","SaveOpenedObject","modFwComposerService; modFwControlNamingTool","2","Private","Private Sub SaveOpenedObject(ByVal objectType As String, ByVal objectName As String)","ErrorHandling","","10","modFwComposerService; modFwControlNamingTool","Private Sub SaveOpenedObject(ByVal objectType As String, ByVal objectName As String)","MANUAL_TARGET_SELECTION","MERGE_EXACT","LOW"
"DG-EXACT-024","EXACT","TableExists","modFwComposerService; modFwTranslationRuntime; modFwTranslationTagGeneratorService; modMigrationPaymentTerms; modMigrationTranslations","5","Private","Private Function TableExists(ByVal db As DAO.Database, ByVal tableName As String) As Boolean","ErrorHandling","","570","modAddressRepository; modAppNavigationService; modArticleGroupService; modBasicModuleSchema; modContactRepository; modDemoDataSeeder; modDocumentCalculationService; modDocumentRepository; modFwComposerService; modFwSetup; modFwTranslationAuditService; modFwTranslationEditService; modFwTranslationRuntime; modFwTranslationTagGeneratorService; modMigrationPaymentTerms; modMigrationTranslations; modNumberRangeRepository; modOrderRepository; modOutputPathService; modTenantRepository; modUserRepository","Private Function TableExists(ByVal db As DAO.Database, ByVal tableName As String) As Boolean","modDb","MERGE_EXACT","LOW"
"DG-EXACT-025","EXACT","FieldExists","modMigrationPaymentTerms; modMigrationTranslations","2","Private","Private Function FieldExists(ByVal db As DAO.Database, ByVal tableName As String, ByVal fieldName As String) As Boolean","ErrorHandling","","102","modAppNavigationService; modArticleGroupService; modBasicModuleSchema; modDemoDataSeeder; modDocumentCalculationService; modFwSetup; modMigrationPaymentTerms; modMigrationTranslations","Private Function FieldExists(ByVal db As DAO.Database, ByVal tableName As String, ByVal fieldName As String) As Boolean","modDb","MERGE_EXACT","LOW"
"DG-EXACT-026","EXACT","CopyHeaderField; CopyLineField","modOrderRepository","2","Private","Private Sub CopyHeaderField(ByVal rsSource As DAO.Recordset, ByVal rsTarget As DAO.Recordset, ByVal fieldName As String) || Private Sub CopyLineField(ByVal rsSource As DAO.Recordset, ByVal rsTarget As DAO.Recordset, ByVal fieldName As String)","","Signature","49","modOrderRepository","Private Sub CopyHeaderField(ByVal rsSource As DAO.Recordset, ByVal rsTarget As DAO.Recordset, ByVal fieldName As String)","MANUAL_TARGET_SELECTION","KEEP_PRIVATE","LOW"
"DG-EXACT-027","EXACT","NormalizeRoleCode","modSecurityHandler; modSessionContext","2","Private","Private Function NormalizeRoleCode(ByVal RoleCode As String) As String","","","22","modSecurityHandler; modSessionContext","Private Function NormalizeRoleCode(ByVal RoleCode As String) As String","MANUAL_TARGET_SELECTION","MERGE_EXACT","LOW"
"DG-EXACT-028","EXACT","ResolveTenantCode","modTenantRepository; modUserRepository","2","Private","Private Function ResolveTenantCode() As String","","","18","modFwDiagnostics; modTenantRepository; modUserRepository","Private Function ResolveTenantCode() As String","MANUAL_TARGET_SELECTION","MERGE_EXACT","LOW"
"DG-SIM-029","SIMILAR","AddressExists; ContactExists","modAddressRepository; modContactRepository","2","Public","Public Function AddressExists(ByVal addressId As Long) As Boolean || Public Function ContactExists(ByVal ContactId As Long) As Boolean","DAO.Database; ErrorHandling","Signature","11","modAddressCockpitService; modAddressRepository; modContactRepository; modDemoDataSeeder; modDocumentRepository; modOrderRepository","Public Function AddressExists(ByVal addressId As Long) As Boolean","MANUAL_TARGET_SELECTION","MERGE_WITH_SIGNATURE_UNIFICATION","MEDIUM"
"DG-SIM-030","SIMILAR","CanReadAddresses; CanReadContacts; CanReadNumberRanges","modAddressRepository; modContactRepository; modNumberRangeRepository","3","Private","Private Function CanReadAddresses() As Boolean || Private Function CanReadContacts() As Boolean || Private Function CanReadNumberRanges() As Boolean","Logging","Signature","19","modAddressRepository; modContactRepository; modNumberRangeRepository","Private Function CanReadAddresses() As Boolean","MANUAL_TARGET_SELECTION","MERGE_WITH_SIGNATURE_UNIFICATION","MEDIUM"
"DG-SIM-031","SIMILAR","CanWriteAddresses; CanWriteContacts; EnsureBasicModuleSchema; ResolveNextArticleNo","modAddressRepository; modArticleService; modContactRepository; modFwSetup","4","Private; Public","Private Function CanWriteAddresses() As Boolean || Private Function CanWriteContacts() As Boolean || Public Function EnsureBasicModuleSchema() As Boolean || Public Function ResolveNextArticleNo() As String","","Visibility; Signature","6","modAddressRepository; modArticleService; modContactRepository; modFwSetup","Private Function CanWriteAddresses() As Boolean","modDb","MERGE_WITH_SIGNATURE_UNIFICATION","MEDIUM"
"DG-SIM-032","SIMILAR","SetFieldIfExists; SetRecordsetFieldValue; SetRecordsetValue","modAddressRepository; modContactRepository; modDocumentCalculationService; modDocumentRepository; modFwTranslationAuditService; modMigrationTranslations; modOrderCalculationService; modOrderRepository","8","Private","Private Sub SetFieldIfExists(ByVal rs As DAO.Recordset, ByVal fieldName As String, ByVal Value As Variant) || Private Sub SetRecordsetFieldValue(ByVal rs As DAO.Recordset, ByVal fieldName As String, ByVal fieldValue As Variant) || Private Sub SetRecordsetValue(ByVal rs As DAO.Recordset, ByVal fieldName As String, ByVal fieldValue As Variant)","","Signature","1016","modAddressRepository; modContactRepository; modDemoDataSeeder; modDocumentCalculationService; modDocumentRepository; modFwTranslationAuditService; modMigrationTranslations; modOrderCalculationService; modOrderRepository","Private Sub SetRecordsetValue(ByVal rs As DAO.Recordset, ByVal fieldName As String, ByVal fieldValue As Variant)","MANUAL_TARGET_SELECTION","MERGE_WITH_SIGNATURE_UNIFICATION","MEDIUM"
"DG-SIM-033","SIMILAR","GetRecordsetLongValue; ResolveFieldValue","modAddressRepository; modContactRepository; modDocumentCalculationService; modOrderCalculationService; modOrderRepository","5","Private","Private Function GetRecordsetLongValue(ByVal rs As DAO.Recordset, ByVal fieldName As String, ByVal defaultValue As Long) As Long || Private Function ResolveFieldValue(ByVal rs As DAO.Recordset, ByVal fieldName As String, ByVal defaultValue As String) As String","","Signature","68","modAddressRepository; modContactRepository; modDocumentCalculationService; modOrderCalculationService; modOrderRepository","Private Function ResolveFieldValue(ByVal rs As DAO.Recordset, ByVal fieldName As String, ByVal defaultValue As String) As String","MANUAL_TARGET_SELECTION","MERGE_WITH_SIGNATURE_UNIFICATION","MEDIUM"
"DG-SIM-034","SIMILAR","ResolveTenantStatusText; ResolveUserStatusText","modAppDashboardService","2","Private","Private Function ResolveTenantStatusText() As String || Private Function ResolveUserStatusText() As String","","Signature","6","modAppDashboardService","Private Function ResolveTenantStatusText() As String","MANUAL_TARGET_SELECTION","KEEP_PRIVATE","MEDIUM"
"DG-SIM-035","SIMILAR","SetDisplayValueIfPresent","modAppDashboardService; modAppShell","2","Private","Private Sub SetDisplayValueIfPresent(     ByVal formInstance As Access.Form,     ByVal ControlName As String,     ByVal displayValue As String) || Private Sub SetDisplayValueIfPresent(     ByVal formInstance As Access.Form,     ByVal ControlName As String,     ByVal valueText As String)","ErrorHandling","Signature","20","modAppDashboardService; modAppShell","Private Sub SetDisplayValueIfPresent(     ByVal formInstance As Access.Form,     ByVal ControlName As String,     ByVal valueText As String)","MANUAL_TARGET_SELECTION","MERGE_WITH_SIGNATURE_UNIFICATION","MEDIUM"
"DG-SIM-036","SIMILAR","HasControl; HasFormControl","modAppDashboardService; modAppShell; modAppWorkspaceService; modArticleGroupService; modArticleService; modFwTranslationEditService","6","Private","Private Function HasControl(ByVal formInstance As Access.Form, ByVal ControlName As String) As Boolean || Private Function HasControl(ByVal targetForm As Access.Form, ByVal ControlName As String) As Boolean || Private Function HasFormControl(ByVal formInstance As Access.Form, ByVal ControlName As String) As Boolean","ErrorHandling","Signature","146","modAppDashboardService; modAppShell; modAppWorkspaceService; modArticleGroupService; modArticleService; modFwTranslationEditService","Private Function HasControl(ByVal formInstance As Access.Form, ByVal ControlName As String) As Boolean","MANUAL_TARGET_SELECTION","MERGE_WITH_SIGNATURE_UNIFICATION","MEDIUM"
"DG-SIM-037","SIMILAR","NullIfEmpty; NzText","modAppDashboardService; modDemoDataSeeder","2","Private","Private Function NullIfEmpty(ByVal Value As String) As Variant || Private Function NzText(ByVal Value As String, Optional ByVal defaultValue As String = ""n/a"") As String","","Signature","19","modAppDashboardService; modDemoDataSeeder; modFwTranslationTagGeneratorService","Private Function NzText(ByVal Value As String, Optional ByVal defaultValue As String = ""n/a"") As String","MANUAL_TARGET_SELECTION","MERGE_WITH_SIGNATURE_UNIFICATION","MEDIUM"
"DG-SIM-038","SIMILAR","GetNavigationRowSource; GetVisibleNavigationRowSource","modAppNavigationService","2","Public","Public Function GetNavigationRowSource(Optional ByVal role_code As String = """") As String || Public Function GetVisibleNavigationRowSource(Optional ByVal role_code As String = """") As String","ErrorHandling","Signature","4","modAppNavigationService","Public Function GetNavigationRowSource(Optional ByVal role_code As String = """") As String","MANUAL_TARGET_SELECTION","MERGE_WITH_SIGNATURE_UNIFICATION","MEDIUM"
"DG-SIM-039","SIMILAR","CollapseNavigationGroup; ExpandNavigationGroup; GetDocumentCustomerName; LoadDashboard","modAppNavigationService; modAppWorkspaceService; modDocumentRepository","4","Public","Public Function CollapseNavigationGroup(ByVal navigation_id As Long) As Boolean || Public Function ExpandNavigationGroup(ByVal navigation_id As Long) As Boolean || Public Function GetDocumentCustomerName(ByVal DocumentId As Long, Optional ByVal defaultValue As String = """") As String || Public Function LoadDashboard(ByVal shellForm As Access.Form) As Boolean","ErrorHandling","Signature","14","modAppNavigationService; modAppShell; modAppWorkspaceService; modDocumentRepository; modOutputPathService","Public Function ExpandNavigationGroup(ByVal navigation_id As Long) As Boolean","MANUAL_TARGET_SELECTION","MERGE_WITH_SIGNATURE_UNIFICATION","MEDIUM"
"DG-SIM-040","SIMILAR","EnsureFieldExists","modAppNavigationService; modArticleGroupService","2","Private","Private Sub EnsureFieldExists(ByVal table_name As String, ByVal field_name As String, ByVal ddlType As String) || Private Sub EnsureFieldExists(ByVal tableName As String, ByVal fieldName As String, ByVal ddlType As String)","","Signature","64","modAppNavigationService; modArticleGroupService","Private Sub EnsureFieldExists(ByVal table_name As String, ByVal field_name As String, ByVal ddlType As String)","modDb","MERGE_WITH_SIGNATURE_UNIFICATION","MEDIUM"
"DG-SIM-041","SIMILAR","EnsureIndexExists","modAppNavigationService; modArticleGroupService","2","Private","Private Sub EnsureIndexExists(ByVal table_name As String, ByVal indexName As String, ByVal createSql As String) || Private Sub EnsureIndexExists(ByVal tableName As String, ByVal indexName As String, ByVal createSql As String)","","Signature","24","modAppNavigationService; modArticleGroupService","Private Sub EnsureIndexExists(ByVal table_name As String, ByVal indexName As String, ByVal createSql As String)","modDb","MERGE_WITH_SIGNATURE_UNIFICATION","MEDIUM"
"DG-SIM-042","SIMILAR","TableExists","modAppNavigationService; modArticleGroupService","2","Private","Private Function TableExists(ByVal table_name As String) As Boolean || Private Function TableExists(ByVal tableName As String) As Boolean","CurrentDb; DAO.Database; ErrorHandling","Signature","228","modAddressRepository; modAppNavigationService; modArticleGroupService; modBasicModuleSchema; modContactRepository; modDemoDataSeeder; modDocumentCalculationService; modDocumentRepository; modFwComposerService; modFwSetup; modFwTranslationAuditService; modFwTranslationEditService; modFwTranslationRuntime; modFwTranslationTagGeneratorService; modMigrationPaymentTerms; modMigrationTranslations; modNumberRangeRepository; modOrderRepository; modOutputPathService; modTenantRepository; modUserRepository","Private Function TableExists(ByVal table_name As String) As Boolean","modDb","MERGE_WITH_SIGNATURE_UNIFICATION","MEDIUM"
"DG-SIM-043","SIMILAR","FieldExists; IndexExists","modAppNavigationService; modArticleGroupService","4","Private","Private Function FieldExists(ByVal table_name As String, ByVal field_name As String) As Boolean || Private Function FieldExists(ByVal tableName As String, ByVal fieldName As String) As Boolean || Private Function IndexExists(ByVal table_name As String, ByVal indexName As String) As Boolean || Private Function IndexExists(ByVal tableName As String, ByVal indexName As String) As Boolean","CurrentDb; DAO.Database; ErrorHandling","Signature","126","modAppNavigationService; modArticleGroupService; modBasicModuleSchema; modDemoDataSeeder; modDocumentCalculationService; modFwSetup; modMigrationPaymentTerms; modMigrationTranslations","Private Function FieldExists(ByVal table_name As String, ByVal field_name As String) As Boolean","modDb","MERGE_WITH_SIGNATURE_UNIFICATION","MEDIUM"
"DG-SIM-044","SIMILAR","ExecuteShellListClearSearch; SeedDemoData; UpdateShellCommandBarState","modAppShell; modDemoDataSeeder","3","Public","Public Sub ExecuteShellListClearSearch(ByVal shellForm As Access.Form) || Public Sub SeedDemoData(Optional ByVal TenantCode As String = ""DEMO_CH"") || Public Sub UpdateShellCommandBarState(ByVal shellForm As Access.Form)","","Signature","0","","Public Sub UpdateShellCommandBarState(ByVal shellForm As Access.Form)","MANUAL_TARGET_SELECTION","MERGE_WITH_SIGNATURE_UNIFICATION","MEDIUM"
"DG-SIM-045","SIMILAR","ExecuteShellListEdit; ExecuteShellListNew; ExecuteShellListRefresh; ExecuteShellListSearch","modAppShell","4","Public","Public Sub ExecuteShellListEdit(ByVal shellForm As Access.Form) || Public Sub ExecuteShellListNew(ByVal shellForm As Access.Form) || Public Sub ExecuteShellListRefresh(ByVal shellForm As Access.Form) || Public Sub ExecuteShellListSearch(ByVal shellForm As Access.Form, ByVal searchText As String)","","Signature","0","","Public Sub ExecuteShellListSearch(ByVal shellForm As Access.Form, ByVal searchText As String)","MANUAL_TARGET_SELECTION","MERGE_WITH_SIGNATURE_UNIFICATION","MEDIUM"
"DG-SIM-046","SIMILAR","ResolveCurrentRoleText; ResolveCurrentUserText","modAppShell","2","Private","Private Function ResolveCurrentRoleText() As String || Private Function ResolveCurrentUserText() As String","","Signature","6","modAppShell","Private Function ResolveCurrentUserText() As String","MANUAL_TARGET_SELECTION","KEEP_PRIVATE","MEDIUM"
"DG-SIM-047","SIMILAR","IsAdmin; IsFeatureEnabled; IsSupervisor; NormalizeProjectLanguageCode; ResolveEnvironmentText; SqlDateOrNull","modAppShell; modFwTranslationRuntime; modLicenseHandler; modSecurityHandler; modSqlHelper","6","Private; Public","Private Function ResolveEnvironmentText() As String || Public Function IsAdmin() As Boolean || Public Function IsFeatureEnabled(ByVal featureName As String) As Boolean || Public Function IsSupervisor() As Boolean || Public Function NormalizeProjectLanguageCode(ByVal languageCode As String) As String || Public Function SqlDateOrNull(ByVal Value As Variant) As String","","Visibility; Signature","9","modAppShell; modFwSetup; modFwTranslationRuntime; modLicenseHandler; modSecurityHandler; modSqlHelper","Private Function ResolveEnvironmentText() As String","modTranslationService","MERGE_WITH_SIGNATURE_UNIFICATION","MEDIUM"
"DG-SIM-048","SIMILAR","SetControlEnabledIfPresent; SetControlVisibleIfPresent","modAppShell","2","Private","Private Sub SetControlEnabledIfPresent(     ByVal formInstance As Access.Form,     ByVal ControlName As String,     ByVal isEnabled As Boolean) || Private Sub SetControlVisibleIfPresent(     ByVal formInstance As Access.Form,     ByVal ControlName As String,     ByVal isVisible As Boolean)","ErrorHandling","Signature","17","modAppShell","Private Sub SetControlEnabledIfPresent(     ByVal formInstance As Access.Form,     ByVal ControlName As String,     ByVal isEnabled As Boolean)","MANUAL_TARGET_SELECTION","KEEP_PRIVATE","MEDIUM"
"DG-SIM-049","SIMILAR","ClearShellSearchText; SetFieldValueIfPresent","modAppShell; modArticleGroupService; modArticleService","3","Private","Private Sub ClearShellSearchText(ByVal shellForm As Access.Form) || Private Sub SetFieldValueIfPresent(ByVal formInstance As Access.Form, ByVal fieldName As String, ByVal fieldValue As Variant)","ErrorHandling","Signature","20","modArticleGroupService; modArticleService","Private Sub ClearShellSearchText(ByVal shellForm As Access.Form)","MANUAL_TARGET_SELECTION","MERGE_WITH_SIGNATURE_UNIFICATION","MEDIUM"
"DG-SIM-050","SIMILAR","GetConfigValue; SupportsWorkspaceCommandBarApi","modAppShell; modConfigIni","2","Private; Public","Private Function SupportsWorkspaceCommandBarApi(ByVal workspaceForm As Access.Form) As Boolean || Public Function GetConfigValue(ByVal SectionName As String, ByVal keyName As String, Optional ByVal defaultValue As String = vbNullString, Optional ByVal IniPath As String = vbNullString) As String","","Visibility; Signature","19","modAppShell; modConfigIni; modDb; modFwDiagnostics; modFwTranslationRuntime; modSessionContext; modTenantContext","Private Function SupportsWorkspaceCommandBarApi(ByVal workspaceForm As Access.Form) As Boolean","modConfigIni","MERGE_WITH_SIGNATURE_UNIFICATION","MEDIUM"
"DG-SIM-051","SIMILAR","TryGetHostedForm; TryGetHostedWorkspaceForm","modAppShell; modAppWorkspaceService","2","Private","Private Function TryGetHostedForm(ByVal hostControl As Control) As Access.Form || Private Function TryGetHostedWorkspaceForm(ByVal workspaceHost As Control) As Access.Form","ErrorHandling","Signature","9","modAppShell; modAppWorkspaceService; modFwDiagnostics","Private Function TryGetHostedForm(ByVal hostControl As Control) As Access.Form","MANUAL_TARGET_SELECTION","MERGE_WITH_SIGNATURE_UNIFICATION","MEDIUM"
"DG-SIM-052","SIMILAR","FormExists; ReportExists","modAppWorkspaceService","2","Private","Private Function FormExists(ByVal form_name As String) As Boolean || Private Function ReportExists(ByVal report_name As String) As Boolean","ErrorHandling","Signature","9","modAppWorkspaceService; modPdfExportService","Private Function FormExists(ByVal form_name As String) As Boolean","MANUAL_TARGET_SELECTION","MERGE_WITH_SIGNATURE_UNIFICATION","MEDIUM"
"DG-SIM-053","SIMILAR","GetCurrentRecordIdText; TryGetWorkspaceState","modAppWorkspaceService","2","Private","Private Function GetCurrentRecordIdText(ByVal workspaceForm As Access.Form) As String || Private Function TryGetWorkspaceState(ByVal workspaceForm As Access.Form) As String","ErrorHandling","Signature","4","modAppWorkspaceService","Private Function GetCurrentRecordIdText(ByVal workspaceForm As Access.Form) As String","MANUAL_TARGET_SELECTION","KEEP_PRIVATE","MEDIUM"
"DG-SIM-054","SIMILAR","GetHistoryValue; ResolveMetadataValue","modAppWorkspaceService; modFwTranslationEditService","2","Private","Private Function GetHistoryValue(ByVal historyItemText As String, ByVal keyName As String) As String || Private Function ResolveMetadataValue(ByVal metadataText As String, ByVal keyName As String) As String","","Signature","15","modAppWorkspaceService; modFwTranslationEditService","Private Function GetHistoryValue(ByVal historyItemText As String, ByVal keyName As String) As String","MANUAL_TARGET_SELECTION","MERGE_WITH_SIGNATURE_UNIFICATION","MEDIUM"
"DG-SIM-055","SIMILAR","SetWorkspaceFocus; TryFocusControl","modAppWorkspaceService; modFwValidationRuntime","2","Private","Private Sub SetWorkspaceFocus(ByVal workspaceHost As Control) || Private Sub TryFocusControl(ByVal ctl As Control)","ErrorHandling","Signature","5","modAppWorkspaceService; modFormRuntime; modFwValidationRuntime","Private Sub SetWorkspaceFocus(ByVal workspaceHost As Control)","MANUAL_TARGET_SELECTION","MERGE_WITH_SIGNATURE_UNIFICATION","MEDIUM"
"DG-SIM-056","SIMILAR","BuildArticleGroupSearchFilter; BuildArticleSearchFilter","modArticleGroupService; modArticleService","2","Public","Public Function BuildArticleGroupSearchFilter(ByVal searchText As String) As String || Public Function BuildArticleSearchFilter(ByVal searchText As String) As String","","Signature","2","modArticleGroupService; modArticleService","Public Function BuildArticleGroupSearchFilter(ByVal searchText As String) As String","MANUAL_TARGET_SELECTION","MERGE_WITH_SIGNATURE_UNIFICATION","MEDIUM"
"DG-SIM-057","SIMILAR","IsFieldMissingValue; IsValueEmpty","modAuditHelper; modDemoDataSeeder","2","Private","Private Function IsFieldMissingValue(ByVal Value As Variant) As Boolean || Private Function IsValueEmpty(ByVal fieldValue As Variant) As Boolean","","Signature","5","modAuditHelper; modDemoDataSeeder","Private Function IsValueEmpty(ByVal fieldValue As Variant) As Boolean","MANUAL_TARGET_SELECTION","MERGE_WITH_SIGNATURE_UNIFICATION","MEDIUM"
"DG-SIM-058","SIMILAR","CreateRefAddressingMode; CreateRefAddressType; CreateRefContactType; CreateRefSalutation; CreateRefUnits","modBasicModuleSchema","5","Private","Private Sub CreateRefAddressingMode(ByVal db As DAO.Database) || Private Sub CreateRefAddressType(ByVal db As DAO.Database) || Private Sub CreateRefContactType(ByVal db As DAO.Database) || Private Sub CreateRefSalutation(ByVal db As DAO.Database) || Private Sub CreateRefUnits(ByVal db As DAO.Database)","","Signature","5","modBasicModuleSchema","Private Sub CreateRefAddressType(ByVal db As DAO.Database)","MANUAL_TARGET_SELECTION","KEEP_PRIVATE","MEDIUM"
"DG-SIM-059","SIMILAR","EnsureCurrencyField; EnsureDoubleField","modBasicModuleSchema","2","Private","Private Function EnsureCurrencyField(ByVal db As DAO.Database, ByVal tableName As String, ByVal fieldName As String, ByVal defaultValue As Currency, ByVal updateNullValues As Boolean) As Boolean || Private Function EnsureDoubleField(ByVal db As DAO.Database, ByVal tableName As String, ByVal fieldName As String, ByVal defaultValue As Double, ByVal updateNullValues As Boolean) As Boolean","ErrorHandling; Logging","Signature","62","modBasicModuleSchema; modDocumentCalculationService","Private Function EnsureDoubleField(ByVal db As DAO.Database, ByVal tableName As String, ByVal fieldName As String, ByVal defaultValue As Double, ByVal updateNullValues As Boolean) As Boolean","MANUAL_TARGET_SELECTION","MERGE_WITH_SIGNATURE_UNIFICATION","MEDIUM"
"DG-SIM-060","SIMILAR","BuildExpectedKeyToken; NormalizeAdjustmentType; NormalizeFeatureCode; NormalizeModuleName; NormalizeRoleCode; NormalizeTextKey; NormalizeToken; NormalizeVatMode","modConfigIni; modDocumentCalculationService; modFwTranslationAuditService; modGlobals; modModuleManager; modSecurityHandler; modSessionContext; modTranslationService; modVatHandler","9","Private; Public","Private Function BuildExpectedKeyToken(ByVal translationKey As String) As String || Private Function NormalizeAdjustmentType(ByVal AdjustmentType As String) As String || Private Function NormalizeModuleName(ByVal moduleName As String) As String || Private Function NormalizeRoleCode(ByVal RoleCode As String) As String || Private Function NormalizeTextKey(ByVal TextKey As String) As String || Private Function NormalizeToken(ByVal Value As String) As String || Public Function NormalizeFeatureCode(ByVal FeatureCode As String) As String || Public Function NormalizeVatMode(ByVal VatMode As String) As String","","Visibility; Signature","54","modConfigIni; modDocumentCalculationService; modDocumentRepository; modDocumentService; modFwTranslationAuditService; modGlobals; modLicenseHandler; modModuleManager; modOrderCalculationService; modOrderRepository; modSecurityHandler; modSessionContext; modTranslationService; modVatHandler","Private Function NormalizeToken(ByVal Value As String) As String","MANUAL_TARGET_SELECTION","MERGE_WITH_SIGNATURE_UNIFICATION","MEDIUM"
"DG-SIM-061","SIMILAR","BoolText; BoolToIni; SqlBoolean","modConfigIni; modFwDiagnostics; modSqlHelper","3","Private; Public","Private Function BoolText(ByVal Value As Boolean) As String || Private Function BoolToIni(ByVal Value As Boolean) As String || Public Function SqlBoolean(ByVal Value As Boolean) As String","","Visibility; Signature","20","modAppNavigationService; modConfigIni; modFwDiagnostics; modSqlHelper","Private Function BoolToIni(ByVal Value As Boolean) As String","modConfigIni","MERGE_WITH_SIGNATURE_UNIFICATION","MEDIUM"
"DG-SIM-062","SIMILAR","ResolveDocumentIdByNo; ResolveOrderIdByExternalReference","modDemoDataSeeder","2","Private","Private Function ResolveDocumentIdByNo(ByVal db As DAO.Database, ByVal DocumentNo As String) As Long || Private Function ResolveOrderIdByExternalReference(ByVal db As DAO.Database, ByVal ExternalReference As String) As Long","","Signature","10","modDemoDataSeeder","Private Function ResolveDocumentIdByNo(ByVal db As DAO.Database, ByVal DocumentNo As String) As Long","MANUAL_TARGET_SELECTION","KEEP_PRIVATE","MEDIUM"
"DG-SIM-063","SIMILAR","PositionExists; SalesOrderLineExists","modDemoDataSeeder","2","Private","Private Function PositionExists(ByVal db As DAO.Database, ByVal DocumentId As Long, ByVal LineNo As Long) As Boolean || Private Function SalesOrderLineExists(ByVal db As DAO.Database, ByVal OrderId As Long, ByVal LineNo As Long) As Boolean","","Signature","4","modDemoDataSeeder","Private Function PositionExists(ByVal db As DAO.Database, ByVal DocumentId As Long, ByVal LineNo As Long) As Boolean","MANUAL_TARGET_SELECTION","KEEP_PRIVATE","MEDIUM"
"DG-SIM-064","SIMILAR","DemoCityGeneva; DemoCityMunich; DemoCityZurich; DemoDeliveryNoteRemarks; DemoExportInvoiceRemarks; DemoLongInvoiceRemarks","modDemoDataSeeder","6","Private","Private Function DemoCityGeneva() As String || Private Function DemoCityMunich() As String || Private Function DemoCityZurich() As String || Private Function DemoDeliveryNoteRemarks() As String || Private Function DemoExportInvoiceRemarks() As String || Private Function DemoLongInvoiceRemarks() As String","","Signature","16","modDemoDataSeeder","Private Function DemoCityZurich() As String","MANUAL_TARGET_SELECTION","KEEP_PRIVATE","MEDIUM"
"DG-SIM-065","SIMILAR","ResolveDocumentVatMode; ResolveOrderVatModeForContext","modDocumentCalculationService; modOrderCalculationService","2","Private","Private Function ResolveDocumentVatMode(ByVal DocumentId As Long, ByVal defaultValue As String) As String || Private Function ResolveOrderVatModeForContext(     ByVal headerId As Long,     ByVal headerTableName As String,     ByVal headerKeyField As String,     ByVal defaultValue As String) As String","DAO.Database; ErrorHandling","Signature","10","modDocumentCalculationService; modOrderCalculationService","Private Function ResolveDocumentVatMode(ByVal DocumentId As Long, ByVal defaultValue As String) As String","MANUAL_TARGET_SELECTION","MERGE_WITH_SIGNATURE_UNIFICATION","MEDIUM"
"DG-SIM-066","SIMILAR","GetPositionGrossAmount; GetPositionNetAmount; GetPositionVatAmount","modDocumentCalculationService","3","Private","Private Function GetPositionGrossAmount(ByVal rsPosition As DAO.Recordset) As Currency || Private Function GetPositionNetAmount(ByVal rsPosition As DAO.Recordset) As Currency || Private Function GetPositionVatAmount(ByVal rsPosition As DAO.Recordset) As Currency","","Signature","9","modDocumentCalculationService","Private Function GetPositionNetAmount(ByVal rsPosition As DAO.Recordset) As Currency","MANUAL_TARGET_SELECTION","KEEP_PRIVATE","MEDIUM"
"DG-SIM-067","SIMILAR","GetRecordsetCurrencyValue; GetRecordsetDoubleValue","modDocumentCalculationService; modOrderCalculationService; modOrderRepository","5","Private","Private Function GetRecordsetCurrencyValue(ByVal rs As DAO.Recordset, ByVal fieldName As String, ByVal defaultValue As Currency) As Currency || Private Function GetRecordsetDoubleValue(ByVal rs As DAO.Recordset, ByVal fieldName As String, ByVal defaultValue As Double) As Double","","Signature","95","modDocumentCalculationService; modOrderCalculationService; modOrderRepository","Private Function GetRecordsetCurrencyValue(ByVal rs As DAO.Recordset, ByVal fieldName As String, ByVal defaultValue As Currency) As Currency","MANUAL_TARGET_SELECTION","MERGE_WITH_SIGNATURE_UNIFICATION","MEDIUM"
"DG-SIM-068","SIMILAR","GetDocumentNumber; GetDocumentStatus","modDocumentRepository","2","Public","Public Function GetDocumentNumber(ByVal DocumentId As Long, Optional ByVal defaultValue As String = """") As String || Public Function GetDocumentStatus(ByVal DocumentId As Long, Optional ByVal defaultValue As String = """") As String","ErrorHandling","Signature","9","modDocumentPostingHandler; modDocumentRepository; modOutputPathService","Public Function GetDocumentStatus(ByVal DocumentId As Long, Optional ByVal defaultValue As String = """") As String","MANUAL_TARGET_SELECTION","MERGE_WITH_SIGNATURE_UNIFICATION","MEDIUM"
"DG-SIM-069","SIMILAR","ResolveDocumentFieldValue; ResolveDocumentLongValue","modDocumentRepository","2","Private","Private Function ResolveDocumentFieldValue(ByVal DocumentId As Long, ByVal fieldName As String, ByVal defaultValue As String) As String || Private Function ResolveDocumentLongValue(ByVal DocumentId As Long, ByVal fieldName As String, ByVal defaultValue As Long) As Long","DAO.Database; ErrorHandling","Signature","12","modDocumentRepository","Private Function ResolveDocumentFieldValue(ByVal DocumentId As Long, ByVal fieldName As String, ByVal defaultValue As String) As String","MANUAL_TARGET_SELECTION","KEEP_PRIVATE","MEDIUM"
"DG-SIM-070","SIMILAR","IsControlDateTag; IsControlIntegerTag; IsControlNumericTag; IsControlRequired","modFormRuntime","4","Private","Private Function IsControlDateTag(ByVal controlTokens As Object) As Boolean || Private Function IsControlIntegerTag(ByVal controlTokens As Object) As Boolean || Private Function IsControlNumericTag(ByVal controlTokens As Object) As Boolean || Private Function IsControlRequired(ByVal controlTokens As Object) As Boolean","ErrorHandling","Signature","24","modFormRuntime","Private Function IsControlRequired(ByVal controlTokens As Object) As Boolean","MANUAL_TARGET_SELECTION","KEEP_PRIVATE","MEDIUM"
"DG-SIM-071","SIMILAR","TryApplyDisabledPolicy; TryApplyLockedPolicy","modFormRuntime","2","Private","Private Function TryApplyDisabledPolicy(ByVal ControlInstance As Control) As Boolean || Private Function TryApplyLockedPolicy(ByVal ControlInstance As Control) As Boolean","ErrorHandling","Signature","4","modFormRuntime","Private Function TryApplyLockedPolicy(ByVal ControlInstance As Control) As Boolean","MANUAL_TARGET_SELECTION","KEEP_PRIVATE","MEDIUM"
"DG-SIM-072","SIMILAR","TryFocusControl; TrySetInitialFocus","modFormRuntime","2","Private","Private Function TryFocusControl(ByVal ControlInstance As Control) As Boolean || Private Function TrySetInitialFocus(ByVal ControlInstance As Control) As Boolean","ErrorHandling","Signature","6","modFormRuntime; modFwValidationRuntime","Private Function TrySetInitialFocus(ByVal ControlInstance As Control) As Boolean","modConfigIni","MERGE_WITH_SIGNATURE_UNIFICATION","MEDIUM"
"DG-SIM-073","SIMILAR","GetMaxValue; GetMinValue","modFormRuntime","2","Private","Private Function GetMaxValue(ByVal controlTokens As Object, ByRef maxValue As Double) As Boolean || Private Function GetMinValue(ByVal controlTokens As Object, ByRef minValue As Double) As Boolean","ErrorHandling","Signature","6","modFormRuntime","Private Function GetMinValue(ByVal controlTokens As Object, ByRef minValue As Double) As Boolean","MANUAL_TARGET_SELECTION","KEEP_PRIVATE","MEDIUM"
"DG-SIM-074","SIMILAR","IsControlValueDateValid; IsControlValueNumericValid","modFormRuntime","2","Private","Private Function IsControlValueDateValid(ByVal ControlInstance As Control) As Boolean || Private Function IsControlValueNumericValid(ByVal ControlInstance As Control) As Boolean","ErrorHandling","Signature","9","modFormRuntime","Private Function IsControlValueNumericValid(ByVal ControlInstance As Control) As Boolean","MANUAL_TARGET_SELECTION","KEEP_PRIVATE","MEDIUM"
"DG-SIM-075","SIMILAR","TryShowInvalidFieldsMessage; TryShowRequiredFieldsMessage","modFormRuntime","2","Private","Private Sub TryShowInvalidFieldsMessage(ByVal InvalidFieldNames As Collection, ByVal FormName As String) || Private Sub TryShowRequiredFieldsMessage(ByVal MissingFieldNames As Collection, ByVal FormName As String)","ErrorHandling","Signature","1","modFormRuntime","Private Sub TryShowRequiredFieldsMessage(ByVal MissingFieldNames As Collection, ByVal FormName As String)","MANUAL_TARGET_SELECTION","KEEP_PRIVATE","MEDIUM"
"DG-SIM-076","SIMILAR","GetMaxLenValue; GetMinLenValue","modFormRuntime","2","Private","Private Function GetMaxLenValue(ByVal controlTokens As Object, ByRef maxLenValue As Long) As Boolean || Private Function GetMinLenValue(ByVal controlTokens As Object, ByRef minLenValue As Long) As Boolean","ErrorHandling","Signature","6","modFormRuntime","Private Function GetMinLenValue(ByVal controlTokens As Object, ByRef minLenValue As Long) As Boolean","MANUAL_TARGET_SELECTION","KEEP_PRIVATE","MEDIUM"
"DG-SIM-077","SIMILAR","EnsureRoleStore; EnsureValidationColorStore","modFormRuntime; modSessionContext","2","Private","Private Sub EnsureRoleStore() || Private Sub EnsureValidationColorStore()","","Signature","7","modFormRuntime; modSessionContext","Private Sub EnsureValidationColorStore()","MANUAL_TARGET_SELECTION","MERGE_WITH_SIGNATURE_UNIFICATION","HIGH"
"DG-SIM-078","SIMILAR","GetControlCaptionValue; GetControlTagValue","modFwComposerService","2","Public","Public Function GetControlCaptionValue(     ByVal objectType As String,     ByVal objectName As String,     ByVal ControlName As String ) As String || Public Function GetControlTagValue(     ByVal objectType As String,     ByVal objectName As String,     ByVal ControlName As String ) As String","ErrorHandling","Signature","5","modFwComposerService","Public Function GetControlTagValue(     ByVal objectType As String,     ByVal objectName As String,     ByVal ControlName As String ) As String","MANUAL_TARGET_SELECTION","MERGE_WITH_SIGNATURE_UNIFICATION","MEDIUM"
"DG-SIM-079","SIMILAR","IsAsciiDigit; IsAsciiLower; IsAsciiUpper","modFwComposerService","3","Private","Private Function IsAsciiDigit(ByVal Value As String) As Boolean || Private Function IsAsciiLower(ByVal Value As String) As Boolean || Private Function IsAsciiUpper(ByVal Value As String) As Boolean","","Signature","13","modFwComposerService","Private Function IsAsciiUpper(ByVal Value As String) As Boolean","MANUAL_TARGET_SELECTION","KEEP_PRIVATE","MEDIUM"
"DG-SIM-080","SIMILAR","IsAsciiLetter; IsAsciiLetterOrDigit","modFwComposerService","2","Private","Private Function IsAsciiLetter(ByVal Value As String) As Boolean || Private Function IsAsciiLetterOrDigit(ByVal Value As String) As Boolean","","Signature","5","modFwComposerService","Private Function IsAsciiLetter(ByVal Value As String) As Boolean","MANUAL_TARGET_SELECTION","KEEP_PRIVATE","MEDIUM"
"DG-SIM-081","SIMILAR","GetControlCaptionForLoadedObject; GetControlTagForLoadedObject","modFwComposerService","2","Private","Private Function GetControlCaptionForLoadedObject(     ByVal objectType As String,     ByVal objectName As String,     ByVal ControlName As String ) As String || Private Function GetControlTagForLoadedObject(     ByVal objectType As String,     ByVal objectName As String,     ByVal ControlName As String ) As String","ErrorHandling","Signature","8","modFwComposerService","Private Function GetControlCaptionForLoadedObject(     ByVal objectType As String,     ByVal objectName As String,     ByVal ControlName As String ) As String","MANUAL_TARGET_SELECTION","KEEP_PRIVATE","MEDIUM"
"DG-SIM-082","SIMILAR","GetCaptionPropertySafely; GetControlVisibleSafely; GetTagPropertySafely","modFwComposerService; modFwValidationRuntime","3","Private","Private Function GetCaptionPropertySafely(ByVal ctl As Control) As String || Private Function GetControlVisibleSafely(ByVal ctl As Control) As Boolean || Private Function GetTagPropertySafely(ByVal ctl As Control) As String","ErrorHandling","Signature","13","modFwComposerService; modFwValidationRuntime","Private Function GetControlVisibleSafely(ByVal ctl As Control) As Boolean","MANUAL_TARGET_SELECTION","MERGE_WITH_SIGNATURE_UNIFICATION","MEDIUM"
"DG-SIM-083","SIMILAR","SetControlCaptionForLoadedObject; SetControlTagForLoadedObject","modFwComposerService","2","Private","Private Function SetControlCaptionForLoadedObject(     ByVal objectType As String,     ByVal objectName As String,     ByVal ControlName As String,     ByVal CaptionValue As String ) As Boolean || Private Function SetControlTagForLoadedObject(     ByVal objectType As String,     ByVal objectName As String,     ByVal ControlName As String,     ByVal TagValue As String ) As Boolean","ErrorHandling","Signature","7","modFwComposerService","Private Function SetControlCaptionForLoadedObject(     ByVal objectType As String,     ByVal objectName As String,     ByVal ControlName As String,     ByVal CaptionValue As String ) As Boolean","MANUAL_TARGET_SELECTION","KEEP_PRIVATE","MEDIUM"
"DG-SIM-084","SIMILAR","ApplyNormalizeControls; LogInfo; LogWarning; PreviewNormalizeControls","modFwControlNamingTool; modLoggingHandler","4","Public","Public Sub ApplyNormalizeControls(ByVal objectName As String, Optional ByVal objectType As String = OBJECT_TYPE_FORM) || Public Sub LogInfo(ByVal SourceProcedure As String, ByVal Message As String) || Public Sub LogWarning(ByVal SourceProcedure As String, ByVal Message As String) || Public Sub PreviewNormalizeControls(ByVal objectName As String, Optional ByVal objectType As String = OBJECT_TYPE_FORM)","","Signature","255","modAddressCockpitService; modAddressRepository; modAppDashboardService; modAppNavigationService; modAppShell; modAppWorkspaceService; modBackendLinker; modBasicModuleSchema; modBootstrap; modContactRepository; modCurrencyFormatService; modDb; modDeepLTranslationService; modDemoDataSeeder; modDocumentCalculationService; modDocumentExportHandler; modDocumentPostingHandler; modDocumentRepository; modDocumentService; modFormLocalization; modFormRuntime; modFwComposerService; modFwControlNamingTool; modFwDiagnostics; modFwSetup; modFwTranslationAuditService; modFwTranslationEditService; modFwTranslationRuntime; modFwTranslationTagGeneratorService; modFwValidationRuntime; modLicenseHandler; modModuleManager; modNumberingHandler; modNumberRangeRepository; modOrderCalculationService; modOrderRepository; modOutputPathService; modPdfExportService; modSecurityHandler; modSessionContext; modTenantContext; modTenantRepository; modTranslationService; modUserRepository; modVatHandler","Public Sub PreviewNormalizeControls(ByVal objectName As String, Optional ByVal objectType As String = OBJECT_TYPE_FORM)","modLoggingHandler","MERGE_WITH_SIGNATURE_UNIFICATION","MEDIUM"
"DG-SIM-085","SIMILAR","GetCaptionValue; GetControlSourceValue","modFwControlNamingTool","2","Private","Private Function GetCaptionValue(ByVal ctl As Object) As String || Private Function GetControlSourceValue(ByVal ctl As Control) As String","ErrorHandling","Signature","8","modFwControlNamingTool; modFwTranslationRuntime","Private Function GetControlSourceValue(ByVal ctl As Control) As String","MANUAL_TARGET_SELECTION","MERGE_WITH_SIGNATURE_UNIFICATION","MEDIUM"
"DG-SIM-086","SIMILAR","LogToolInfo; LogToolWarning","modFwControlNamingTool","2","Private","Private Sub LogToolInfo(ByVal category As String, ByVal messageText As String) || Private Sub LogToolWarning(ByVal category As String, ByVal messageText As String)","ErrorHandling; Logging","Signature","4","modFwControlNamingTool","Private Sub LogToolInfo(ByVal category As String, ByVal messageText As String)","modLoggingHandler","KEEP_PRIVATE","MEDIUM"
"DG-SIM-087","SIMILAR","ResolveCurrentUserId; ResolveCurrentUserName; ResolveTenantCode","modFwDiagnostics","3","Private","Private Function ResolveCurrentUserId() As String || Private Function ResolveCurrentUserName() As String || Private Function ResolveTenantCode() As String","ErrorHandling","Signature","13","modFwDiagnostics; modTenantRepository; modUserRepository","Private Function ResolveCurrentUserName() As String","MANUAL_TARGET_SELECTION","MERGE_WITH_SIGNATURE_UNIFICATION","MEDIUM"
"DG-SIM-088","SIMILAR","GetControlPropertyBoolean; GetControlPropertyText","modFwDiagnostics","2","Private","Private Function GetControlPropertyBoolean(ByVal formInstance As Access.Form, ByVal ControlName As String, ByVal propertyName As String) As Boolean || Private Function GetControlPropertyText(ByVal formInstance As Access.Form, ByVal ControlName As String, ByVal propertyName As String) As String","ErrorHandling","Signature","14","modFwDiagnostics","Private Function GetControlPropertyText(ByVal formInstance As Access.Form, ByVal ControlName As String, ByVal propertyName As String) As String","MANUAL_TARGET_SELECTION","KEEP_PRIVATE","MEDIUM"
"DG-SIM-089","SIMILAR","TryGetPropertyBoolean; TryGetPropertyLong; TryGetPropertyText","modFwDiagnostics","3","Private","Private Function TryGetPropertyBoolean(ByVal TargetObject As Object, ByVal propertyName As String) As Boolean || Private Function TryGetPropertyLong(ByVal TargetObject As Object, ByVal propertyName As String) As Long || Private Function TryGetPropertyText(ByVal TargetObject As Object, ByVal propertyName As String) As String","ErrorHandling","Signature","17","modFwDiagnostics","Private Function TryGetPropertyText(ByVal TargetObject As Object, ByVal propertyName As String) As String","MANUAL_TARGET_SELECTION","KEEP_PRIVATE","MEDIUM"
"DG-SIM-090","SIMILAR","EnsureAddressCockpitTags; EnsureOrderLinesTags","modFwSetup","2","Public","Public Sub EnsureAddressCockpitTags() || Public Sub EnsureOrderLinesTags()","ErrorHandling; Logging","Signature","10","modFwSetup","Public Sub EnsureAddressCockpitTags()","MANUAL_TARGET_SELECTION","MERGE_WITH_SIGNATURE_UNIFICATION","MEDIUM"
"DG-SIM-091","SIMILAR","BuildAddressCockpitTranslationKey; BuildOrderLinesTranslationKey; BuildTagGeneratorTranslationKey","modFwSetup","3","Private","Private Function BuildAddressCockpitTranslationKey(ByVal ControlName As String) As String || Private Function BuildOrderLinesTranslationKey(ByVal ControlName As String) As String || Private Function BuildTagGeneratorTranslationKey(ByVal ControlName As String) As String","","Signature","6","modFwSetup","Private Function BuildTagGeneratorTranslationKey(ByVal ControlName As String) As String","modTranslationService","KEEP_PRIVATE","MEDIUM"
"DG-SIM-092","SIMILAR","SeedContactTypeReference; SeedUnitReference","modFwSetup","2","Public","Public Sub SeedContactTypeReference() || Public Sub SeedUnitReference()","CurrentDb; DAO.Database; ErrorHandling","Signature","0","","Public Sub SeedUnitReference()","MANUAL_TARGET_SELECTION","MERGE_WITH_SIGNATURE_UNIFICATION","MEDIUM"
"DG-SIM-093","SIMILAR","InsertAddressingMode; InsertAddressType; InsertContactType; InsertSalutation; InsertUnit","modFwSetup","5","Private","Private Sub InsertAddressingMode(     ByVal db As DAO.Database,     ByVal addressingModeCode As String,     ByVal translationKey As String,     ByVal sortOrder As Long,     ByVal isActive As Boolean) || Private Sub InsertAddressType(     ByVal db As DAO.Database,     ByVal addressTypeCode As String,     ByVal translationKey As String,     ByVal sortOrder As Long,     ByVal isActive As Boolean) || Private Sub InsertContactType(     ByVal db As DAO.Database,     ByVal contactTypeCode As String,     ByVal translationKey As String,     ByVal sortOrder As Long,     ByVal isActive As Boolean) || Private Sub InsertSalutation(     ByVal db As DAO.Database,     ByVal salutationCode As String,     ByVal translationKey As String,     ByVal sortOrder As Long,     ByVal isActive As Boolean) || Private Sub InsertUnit(     ByVal db As DAO.Database,     ByVal UnitCode As String,     ByVal translationKey As String,     ByVal sortOrder As Long,     ByVal isActive As Boolean)","","Signature","25","modFwSetup","Private Sub InsertAddressType(     ByVal db As DAO.Database,     ByVal addressTypeCode As String,     ByVal translationKey As String,     ByVal sortOrder As Long,     ByVal isActive As Boolean)","MANUAL_TARGET_SELECTION","KEEP_PRIVATE","MEDIUM"
"DG-SIM-094","SIMILAR","InsertSalutationTranslations; InsertVatCodeTranslations","modFwSetup","2","Private","Private Sub InsertSalutationTranslations(ByVal db As DAO.Database) || Private Sub InsertVatCodeTranslations(ByVal db As DAO.Database)","","Signature","4","modFwSetup","Private Sub InsertSalutationTranslations(ByVal db As DAO.Database)","modTranslationService","KEEP_PRIVATE","MEDIUM"
"DG-SIM-095","SIMILAR","InsertContactTypeTranslations; InsertUnitTranslations","modFwSetup","2","Private","Private Sub InsertContactTypeTranslations(ByVal db As DAO.Database) || Private Sub InsertUnitTranslations(ByVal db As DAO.Database)","","Signature","4","modFwSetup","Private Sub InsertContactTypeTranslations(ByVal db As DAO.Database)","modTranslationService","KEEP_PRIVATE","MEDIUM"
"DG-SIM-096","SIMILAR","GetCurrentLanguageCode; GetDocumentRootPath","modFwTranslationRuntime; modOutputPathService","2","Public","Public Function GetCurrentLanguageCode() As String || Public Function GetDocumentRootPath(Optional ByVal IniPath As String = """") As String","ErrorHandling","Signature","16","modAppShell; modFwDiagnostics; modFwTranslationRuntime; modFwValidationRuntime; modOrderRepository; modOutputPathService","Public Function GetCurrentLanguageCode() As String","modTranslationService","MERGE_WITH_SIGNATURE_UNIFICATION","MEDIUM"
"DG-SIM-097","SIMILAR","GetCaptionValue; GetTagValue","modFwTranslationRuntime","2","Private","Private Function GetCaptionValue(ByVal target As Object) As String || Private Function GetTagValue(ByVal target As Object) As String","ErrorHandling","Signature","15","modFwControlNamingTool; modFwTranslationRuntime; modFwValidationRuntime","Private Function GetCaptionValue(ByVal target As Object) As String","MANUAL_TARGET_SELECTION","MERGE_WITH_SIGNATURE_UNIFICATION","MEDIUM"
"DG-SIM-098","SIMILAR","GetAttachedLabelCaption; GetAttachedLabelTag","modFwValidationRuntime","2","Private","Private Function GetAttachedLabelCaption(ByVal ctl As Control) As String || Private Function GetAttachedLabelTag(ByVal ctl As Control) As String","ErrorHandling","Signature","6","modFwValidationRuntime","Private Function GetAttachedLabelCaption(ByVal ctl As Control) As String","MANUAL_TARGET_SELECTION","KEEP_PRIVATE","MEDIUM"
"DG-SIM-099","SIMILAR","RequireFeature; RequireModule","modLicenseHandler; modModuleManager","2","Public","Public Sub RequireFeature(ByVal featureName As String, Optional ByVal RaiseError As Boolean = True) || Public Sub RequireModule(ByVal moduleName As String, Optional ByVal RaiseError As Boolean = True)","ErrorHandling; Logging","Signature","10","modLicenseHandler; modModuleManager","Public Sub RequireFeature(ByVal featureName As String, Optional ByVal RaiseError As Boolean = True)","MANUAL_TARGET_SELECTION","MERGE_WITH_SIGNATURE_UNIFICATION","MEDIUM"
"DG-SIM-100","SIMILAR","FieldExists; IndexExists","modMigrationPaymentTerms; modMigrationTranslations","3","Private","Private Function FieldExists(ByVal db As DAO.Database, ByVal tableName As String, ByVal fieldName As String) As Boolean || Private Function IndexExists(ByVal db As DAO.Database, ByVal tableName As String, ByVal indexName As String) As Boolean","ErrorHandling","Signature","114","modAppNavigationService; modArticleGroupService; modBasicModuleSchema; modDemoDataSeeder; modDocumentCalculationService; modFwSetup; modMigrationPaymentTerms; modMigrationTranslations","Private Function FieldExists(ByVal db As DAO.Database, ByVal tableName As String, ByVal fieldName As String) As Boolean","modDb","MERGE_WITH_SIGNATURE_UNIFICATION","MEDIUM"
"DG-SIM-101","SIMILAR","GetActiveModules; GetCurrentUserRoles","modModuleManager; modSessionContext","2","Public","Public Function GetActiveModules() As Collection || Public Function GetCurrentUserRoles() As Collection","ErrorHandling","Signature","8","modFormRuntime; modModuleManager; modSessionContext","Public Function GetActiveModules() As Collection","MANUAL_TARGET_SELECTION","MERGE_WITH_SIGNATURE_UNIFICATION","HIGH"
"DG-SIM-102","SIMILAR","GetCurrentNumberValue; NumberRangeExists","modNumberRangeRepository","2","Public","Public Function GetCurrentNumberValue(ByVal DocumentTypeCode As String, ByVal FiscalYear As Long) As Long || Public Function NumberRangeExists(ByVal DocumentTypeCode As String, ByVal FiscalYear As Long) As Boolean","DAO.Database; ErrorHandling","Signature","8","modNumberingHandler; modNumberRangeRepository","Public Function GetCurrentNumberValue(ByVal DocumentTypeCode As String, ByVal FiscalYear As Long) As Long","MANUAL_TARGET_SELECTION","MERGE_WITH_SIGNATURE_UNIFICATION","MEDIUM"
"DG-SIM-103","SIMILAR","EnsureOrderCalculationSchema; IsSessionInitialized; IsTenantInitialized","modOrderCalculationService; modSessionContext; modTenantContext","3","Public","Public Function EnsureOrderCalculationSchema() As Boolean || Public Function IsSessionInitialized() As Boolean || Public Function IsTenantInitialized() As Boolean","","Signature","27","modAddressRepository; modAppDashboardService; modAppShell; modAuditHelper; modContactRepository; modDb; modDocumentRepository; modFwDiagnostics; modFwTranslationRuntime; modOrderCalculationService; modSecurityHandler; modSessionContext; modTenantContext; modTenantRepository; modUserRepository","Public Function EnsureOrderCalculationSchema() As Boolean","modDb","MERGE_WITH_SIGNATURE_UNIFICATION","HIGH"
"DG-SIM-104","SIMILAR","CalculateOrderLineAmounts; CalculateTemporaryOrderLineAmounts; RecalculateOrder; RecalculateTemporaryOrder","modOrderCalculationService","4","Public","Public Function CalculateOrderLineAmounts(ByVal OrderLineId As Long) As Boolean || Public Function CalculateTemporaryOrderLineAmounts(ByVal tmpOrderLineId As Long) As Boolean || Public Function RecalculateOrder(ByVal OrderId As Long) As Boolean || Public Function RecalculateTemporaryOrder(ByVal tmpOrderId As Long) As Boolean","","Signature","9","modDemoDataSeeder; modOrderCalculationService; modOrderRepository","Public Function CalculateOrderLineAmounts(ByVal OrderLineId As Long) As Boolean","MANUAL_TARGET_SELECTION","MERGE_WITH_SIGNATURE_UNIFICATION","MEDIUM"
"DG-SIM-105","SIMILAR","CalculateOrderLineAmountsByOrderAndLineNo; CalculateOrderTotals; CalculateTemporaryOrderLineAmountsByOrderAndLineNo; CalculateTemporaryOrderTotals","modOrderCalculationService","4","Public","Public Function CalculateOrderLineAmountsByOrderAndLineNo(ByVal OrderId As Long, ByVal lineNo As Long) As Boolean || Public Function CalculateOrderTotals(ByVal OrderId As Long) As Boolean || Public Function CalculateTemporaryOrderLineAmountsByOrderAndLineNo(ByVal tmpOrderId As Long, ByVal lineNo As Long) As Boolean || Public Function CalculateTemporaryOrderTotals(ByVal tmpOrderId As Long) As Boolean","","Signature","6","modOrderCalculationService; modOrderRepository","Public Function CalculateOrderLineAmountsByOrderAndLineNo(ByVal OrderId As Long, ByVal lineNo As Long) As Boolean","MANUAL_TARGET_SELECTION","MERGE_WITH_SIGNATURE_UNIFICATION","MEDIUM"
"DG-SIM-106","SIMILAR","ResolveDefaultStandardVatCode; ResolveDefaultZeroVatCode","modOrderRepository","2","Private","Private Function ResolveDefaultStandardVatCode(ByVal tenantCountryCode As String) As String || Private Function ResolveDefaultZeroVatCode(ByVal tenantCountryCode As String) As String","","Signature","8","modOrderRepository","Private Function ResolveDefaultZeroVatCode(ByVal tenantCountryCode As String) As String","MANUAL_TARGET_SELECTION","KEEP_PRIVATE","MEDIUM"
"DG-SIM-107","SIMILAR","SetCreatedAuditFields; SetUpdatedAuditFields","modOrderRepository","2","Private","Private Sub SetCreatedAuditFields(ByVal rs As DAO.Recordset) || Private Sub SetUpdatedAuditFields(ByVal rs As DAO.Recordset)","","Signature","16","modOrderRepository","Private Sub SetCreatedAuditFields(ByVal rs As DAO.Recordset)","MANUAL_TARGET_SELECTION","KEEP_PRIVATE","MEDIUM"
"DG-SIM-108","SIMILAR","CanReadTenantParameters; CanReadUsers","modTenantRepository; modUserRepository","2","Private","Private Function CanReadTenantParameters() As Boolean || Private Function CanReadUsers() As Boolean","Logging","Signature","12","modTenantRepository; modUserRepository","Private Function CanReadTenantParameters() As Boolean","MANUAL_TARGET_SELECTION","MERGE_WITH_SIGNATURE_UNIFICATION","MEDIUM"
"DG-SIM-109","SIMILAR","GetUserDisplayName; GetUserRoleCode","modUserRepository","2","Public","Public Function GetUserDisplayName(ByVal UserId As String, Optional ByVal defaultValue As String = """") As String || Public Function GetUserRoleCode(ByVal UserId As String, Optional ByVal defaultValue As String = ""USER"") As String","DAO.Database; ErrorHandling","Signature","11","modSecurityHandler; modUserRepository","Public Function GetUserDisplayName(ByVal UserId As String, Optional ByVal defaultValue As String = """") As String","MANUAL_TARGET_SELECTION","MERGE_WITH_SIGNATURE_UNIFICATION","MEDIUM"
"DG-NAME-110","SAME_NAME_DIFFERENT","TableExists","modAddressRepository; modAppNavigationService; modArticleGroupService; modBasicModuleSchema; modContactRepository; modDemoDataSeeder; modDocumentCalculationService; modDocumentRepository; modFwComposerService; modFwTranslationAuditService; modFwTranslationEditService; modFwTranslationRuntime; modFwTranslationTagGeneratorService; modMigrationPaymentTerms; modMigrationTranslations; modNumberRangeRepository; modOrderRepository; modOutputPathService; modTenantRepository; modUserRepository","20","Private","Private Function TableExists(ByVal db As DAO.Database, ByVal tableName As String) As Boolean || Private Function TableExists(ByVal table_name As String) As Boolean || Private Function TableExists(ByVal tableName As String) As Boolean","CurrentDb; DAO.Database; ErrorHandling","Signature; CurrentDb-vs-DAO","2280","modAddressRepository; modAppNavigationService; modArticleGroupService; modBasicModuleSchema; modContactRepository; modDemoDataSeeder; modDocumentCalculationService; modDocumentRepository; modFwComposerService; modFwSetup; modFwTranslationAuditService; modFwTranslationEditService; modFwTranslationRuntime; modFwTranslationTagGeneratorService; modMigrationPaymentTerms; modMigrationTranslations; modNumberRangeRepository; modOrderRepository; modOutputPathService; modTenantRepository; modUserRepository","Private Function TableExists(ByVal tableName As String) As Boolean","modDb","MANUAL_REVIEW","HIGH"
"DG-NAME-111","SAME_NAME_DIFFERENT","ResolveBackendStatusText","modAppDashboardService; modAppShell","2","Private","Private Function ResolveBackendStatusText() As String","","","18","modAppDashboardService; modAppShell","Private Function ResolveBackendStatusText() As String","MANUAL_TARGET_SELECTION","MANUAL_REVIEW","HIGH"
"DG-NAME-112","SAME_NAME_DIFFERENT","SetDisplayValueIfPresent","modAppDashboardService; modAppShell","2","Private","Private Sub SetDisplayValueIfPresent(     ByVal formInstance As Access.Form,     ByVal ControlName As String,     ByVal displayValue As String) || Private Sub SetDisplayValueIfPresent(     ByVal formInstance As Access.Form,     ByVal ControlName As String,     ByVal valueText As String)","ErrorHandling","Signature","20","modAppDashboardService; modAppShell","Private Sub SetDisplayValueIfPresent(     ByVal formInstance As Access.Form,     ByVal ControlName As String,     ByVal valueText As String)","MANUAL_TARGET_SELECTION","MANUAL_REVIEW","HIGH"
"DG-NAME-113","SAME_NAME_DIFFERENT","SetCaptionIfPresent","modAppDashboardService; modAppShell","2","Private","Private Sub SetCaptionIfPresent(     ByVal formInstance As Access.Form,     ByVal ControlName As String,     ByVal translation_key As String,     ByVal fallback_text As String)","ErrorHandling","","38","modAppDashboardService; modAppShell","Private Sub SetCaptionIfPresent(     ByVal formInstance As Access.Form,     ByVal ControlName As String,     ByVal translation_key As String,     ByVal fallback_text As String)","MANUAL_TARGET_SELECTION","MANUAL_REVIEW","HIGH"
"DG-NAME-114","SAME_NAME_DIFFERENT","HasControl","modAppDashboardService; modAppShell; modAppWorkspaceService; modFwTranslationEditService","4","Private","Private Function HasControl(ByVal formInstance As Access.Form, ByVal ControlName As String) As Boolean || Private Function HasControl(ByVal targetForm As Access.Form, ByVal ControlName As String) As Boolean","ErrorHandling","Signature","108","modAppDashboardService; modAppShell; modAppWorkspaceService; modFwTranslationEditService","Private Function HasControl(ByVal formInstance As Access.Form, ByVal ControlName As String) As Boolean","MANUAL_TARGET_SELECTION","MANUAL_REVIEW","HIGH"
"DG-NAME-115","SAME_NAME_DIFFERENT","EnsureFieldExists","modAppNavigationService; modArticleGroupService","2","Private","Private Sub EnsureFieldExists(ByVal table_name As String, ByVal field_name As String, ByVal ddlType As String) || Private Sub EnsureFieldExists(ByVal tableName As String, ByVal fieldName As String, ByVal ddlType As String)","","Signature","64","modAppNavigationService; modArticleGroupService","Private Sub EnsureFieldExists(ByVal table_name As String, ByVal field_name As String, ByVal ddlType As String)","modDb","MANUAL_REVIEW","HIGH"
"DG-NAME-116","SAME_NAME_DIFFERENT","EnsureIndexExists","modAppNavigationService; modArticleGroupService","2","Private","Private Sub EnsureIndexExists(ByVal table_name As String, ByVal indexName As String, ByVal createSql As String) || Private Sub EnsureIndexExists(ByVal tableName As String, ByVal indexName As String, ByVal createSql As String)","","Signature","24","modAppNavigationService; modArticleGroupService","Private Sub EnsureIndexExists(ByVal table_name As String, ByVal indexName As String, ByVal createSql As String)","modDb","MANUAL_REVIEW","HIGH"
"DG-NAME-117","SAME_NAME_DIFFERENT","FieldExists","modAppNavigationService; modArticleGroupService; modBasicModuleSchema; modDemoDataSeeder; modDocumentCalculationService; modMigrationPaymentTerms; modMigrationTranslations","7","Private","Private Function FieldExists(ByVal db As DAO.Database, ByVal tableName As String, ByVal fieldName As String) As Boolean || Private Function FieldExists(ByVal table_name As String, ByVal field_name As String) As Boolean || Private Function FieldExists(ByVal tableName As String, ByVal fieldName As String) As Boolean","CurrentDb; DAO.Database; ErrorHandling","Signature; CurrentDb-vs-DAO","357","modAppNavigationService; modArticleGroupService; modBasicModuleSchema; modDemoDataSeeder; modDocumentCalculationService; modFwSetup; modMigrationPaymentTerms; modMigrationTranslations","Private Function FieldExists(ByVal table_name As String, ByVal field_name As String) As Boolean","modDb","MANUAL_REVIEW","HIGH"
"DG-NAME-118","SAME_NAME_DIFFERENT","IndexExists","modAppNavigationService; modArticleGroupService; modBasicModuleSchema; modMigrationPaymentTerms","4","Private","Private Function IndexExists(     ByVal db As DAO.Database,     ByVal tableName As String,     ByVal indexName As String) As Boolean || Private Function IndexExists(ByVal db As DAO.Database, ByVal tableName As String, ByVal indexName As String) As Boolean || Private Function IndexExists(ByVal table_name As String, ByVal indexName As String) As Boolean || Private Function IndexExists(ByVal tableName As String, ByVal indexName As String) As Boolean","CurrentDb; DAO.Database; ErrorHandling","Signature; CurrentDb-vs-DAO","48","modAppNavigationService; modArticleGroupService; modBasicModuleSchema; modMigrationPaymentTerms","Private Function IndexExists(ByVal table_name As String, ByVal indexName As String) As Boolean","modDb","MANUAL_REVIEW","HIGH"
"DG-NAME-119","SAME_NAME_DIFFERENT","GetBaseLanguageCode","modAppShell; modFwTranslationRuntime","2","Private","Private Function GetBaseLanguageCode(ByVal languageCode As String) As String","","","14","modAppShell; modFwTranslationRuntime","Private Function GetBaseLanguageCode(ByVal languageCode As String) As String","modTranslationService","MANUAL_REVIEW","HIGH"
"DG-NAME-120","SAME_NAME_DIFFERENT","TryGetHostedForm","modAppShell; modFwDiagnostics","2","Private","Private Function TryGetHostedForm(ByVal hostControl As Control) As Access.Form","ErrorHandling","","6","modAppShell; modFwDiagnostics","Private Function TryGetHostedForm(ByVal hostControl As Control) As Access.Form","MANUAL_TARGET_SELECTION","MANUAL_REVIEW","HIGH"
"DG-NAME-121","SAME_NAME_DIFFERENT","ReportExists","modAppWorkspaceService; modPdfExportService","2","Private; Public","Private Function ReportExists(ByVal report_name As String) As Boolean || Public Function ReportExists(ByVal ReportName As String) As Boolean","ErrorHandling","Visibility; Signature","14","modAppWorkspaceService; modPdfExportService","Private Function ReportExists(ByVal report_name As String) As Boolean","MANUAL_TARGET_SELECTION","MANUAL_REVIEW","HIGH"
"DG-NAME-122","SAME_NAME_DIFFERENT","ApplyDefaultValues","modArticleGroupService; modArticleService","2","Public","Public Sub ApplyDefaultValues(ByVal formInstance As Access.Form)","ErrorHandling","","4","modArticleGroupService; modArticleService","Public Sub ApplyDefaultValues(ByVal formInstance As Access.Form)","MANUAL_TARGET_SELECTION","MANUAL_REVIEW","HIGH"
"DG-NAME-123","SAME_NAME_DIFFERENT","ResolveFieldText","modArticleGroupService; modArticleService","2","Private","Private Function ResolveFieldText(ByVal formInstance As Access.Form, ByVal fieldName As String) As String","ErrorHandling","","46","modArticleGroupService; modArticleService","Private Function ResolveFieldText(ByVal formInstance As Access.Form, ByVal fieldName As String) As String","MANUAL_TARGET_SELECTION","MANUAL_REVIEW","HIGH"
"DG-NAME-124","SAME_NAME_DIFFERENT","ResolveAuditUserName","modAuditHelper; modOrderRepository","2","Private; Public","Private Function ResolveAuditUserName() As String || Public Function ResolveAuditUserName() As String","","Visibility; Signature; ErrorHandling","36","modAuditHelper; modFwTranslationEditService; modOrderRepository","Public Function ResolveAuditUserName() As String","MANUAL_TARGET_SELECTION","MANUAL_REVIEW","HIGH"
"DG-NAME-125","SAME_NAME_DIFFERENT","SetRecordsetFieldValue","modAuditHelper; modFwTranslationAuditService","2","Private; Public","Private Sub SetRecordsetFieldValue(ByVal rs As DAO.Recordset, ByVal fieldName As String, ByVal fieldValue As Variant) || Public Sub SetRecordsetFieldValue(ByVal targetForm As Access.Form, ByVal fieldName As String, ByVal fieldValue As Variant)","","Visibility; Signature; ErrorHandling","20","modFwTranslationAuditService","Public Sub SetRecordsetFieldValue(ByVal targetForm As Access.Form, ByVal fieldName As String, ByVal fieldValue As Variant)","MANUAL_TARGET_SELECTION","MANUAL_REVIEW","HIGH"
"DG-NAME-126","SAME_NAME_DIFFERENT","IsLinkedAccessTable","modBackendLinker; modBasicModuleSchema","2","Private","Private Function IsLinkedAccessTable(ByVal db As DAO.Database, ByVal tableName As String) As Boolean || Private Function IsLinkedAccessTable(ByVal tableDef As DAO.tableDef) As Boolean","","Signature; ErrorHandling","12","modBackendLinker; modBasicModuleSchema","Private Function IsLinkedAccessTable(ByVal tableDef As DAO.tableDef) As Boolean","MANUAL_TARGET_SELECTION","MANUAL_REVIEW","HIGH"
"DG-NAME-127","SAME_NAME_DIFFERENT","EnsureTextField","modBasicModuleSchema; modDocumentCalculationService","2","Private","Private Function EnsureTextField(ByVal db As DAO.Database, ByVal tableName As String, ByVal fieldName As String, ByVal FieldSize As Long, ByVal defaultValue As String) As Boolean || Private Function EnsureTextField(ByVal db As DAO.Database, ByVal tableName As String, ByVal fieldName As String, ByVal FieldSize As Long, ByVal defaultValue As String, ByVal updateNullValues As Boolean) As Boolean","ErrorHandling; Logging","Signature","130","modBasicModuleSchema; modDocumentCalculationService","Private Function EnsureTextField(ByVal db As DAO.Database, ByVal tableName As String, ByVal fieldName As String, ByVal FieldSize As Long, ByVal defaultValue As String, ByVal updateNullValues As Boolean) As Boolean","MANUAL_TARGET_SELECTION","MANUAL_REVIEW","HIGH"
"DG-NAME-128","SAME_NAME_DIFFERENT","EnsureCurrencyField","modBasicModuleSchema; modDocumentCalculationService","2","Private","Private Function EnsureCurrencyField(ByVal db As DAO.Database, ByVal tableName As String, ByVal fieldName As String, ByVal defaultValue As Currency) As Boolean || Private Function EnsureCurrencyField(ByVal db As DAO.Database, ByVal tableName As String, ByVal fieldName As String, ByVal defaultValue As Currency, ByVal updateNullValues As Boolean) As Boolean","ErrorHandling; Logging","Signature","104","modBasicModuleSchema; modDocumentCalculationService","Private Function EnsureCurrencyField(ByVal db As DAO.Database, ByVal tableName As String, ByVal fieldName As String, ByVal defaultValue As Currency, ByVal updateNullValues As Boolean) As Boolean","MANUAL_TARGET_SELECTION","MANUAL_REVIEW","HIGH"
"DG-NAME-129","SAME_NAME_DIFFERENT","SqlText","modBasicModuleSchema; modDemoDataSeeder; modOrderRepository; modSqlHelper","4","Private; Public","Private Function SqlText(ByVal Value As String) As String || Private Function SqlText(ByVal valueText As String) As String || Public Function SqlText(ByVal Value As Variant) As String","","Visibility; Signature","1424","modAppNavigationService; modAppShell; modArticleGroupService; modArticleService; modBasicModuleSchema; modDemoDataSeeder; modDocumentCalculationService; modDocumentRepository; modFwComposerService; modFwSetup; modFwTranslationAuditService; modFwTranslationEditService; modFwTranslationRuntime; modFwTranslationTagGeneratorService; modMigrationPaymentTerms; modMigrationTranslations; modOrderCalculationService; modOrderRepository; modSqlHelper","Private Function SqlText(ByVal valueText As String) As String","MANUAL_TARGET_SELECTION","MANUAL_REVIEW","HIGH"
"DG-NAME-130","SAME_NAME_DIFFERENT","ContactExists","modContactRepository; modDemoDataSeeder","2","Private; Public","Private Function ContactExists(ByVal db As DAO.Database, ByVal addressId As Long, ByVal contactTypeCode As String, ByVal ContactValue As String) As Boolean || Public Function ContactExists(ByVal ContactId As Long) As Boolean","","Visibility; Signature; ErrorHandling","10","modContactRepository; modDemoDataSeeder","Public Function ContactExists(ByVal ContactId As Long) As Boolean","MANUAL_TARGET_SELECTION","MANUAL_REVIEW","HIGH"
"DG-NAME-131","SAME_NAME_DIFFERENT","NzString","modDaoHelper; modFormLocalization; modFwTranslationRuntime; modFwValidationRuntime","4","Private; Public","Private Function NzString(ByVal Value As Variant, Optional ByVal defaultValue As String = """") As String || Public Function NzString(ByVal Value As Variant, Optional ByVal defaultValue As String = """") As String","","Visibility; Signature; ErrorHandling","808","modAddressRepository; modAppNavigationService; modAppShell; modArticleGroupService; modArticleService; modContactRepository; modDaoHelper; modDeepLTranslationService; modDocumentCalculationService; modDocumentRepository; modFormLocalization; modFwComposerService; modFwSetup; modFwTranslationAuditService; modFwTranslationEditService; modFwTranslationRuntime; modFwTranslationTagGeneratorService; modFwValidationRuntime; modNumberingHandler; modNumberRangeRepository; modOrderCalculationService; modOrderRepository; modTenantRepository; modTranslationService; modUserRepository","Public Function NzString(ByVal Value As Variant, Optional ByVal defaultValue As String = """") As String","MANUAL_TARGET_SELECTION","MANUAL_REVIEW","HIGH"
"DG-NAME-132","SAME_NAME_DIFFERENT","RecordsetHasField","modDaoHelper; modDemoDataSeeder","2","Private; Public","Private Function RecordsetHasField(ByVal rs As DAO.Recordset, ByVal fieldName As String) As Boolean || Public Function RecordsetHasField(ByVal rs As DAO.Recordset, ByVal fieldName As String) As Boolean","ErrorHandling","Visibility; Signature","154","modAddressRepository; modContactRepository; modDaoHelper; modDemoDataSeeder; modDocumentCalculationService; modDocumentRepository; modFwTranslationAuditService; modFwTranslationEditService; modMigrationTranslations; modNumberingHandler; modNumberRangeRepository; modOrderCalculationService; modOrderRepository; modTenantRepository; modTranslationService; modUserRepository","Public Function RecordsetHasField(ByVal rs As DAO.Recordset, ByVal fieldName As String) As Boolean","MANUAL_TARGET_SELECTION","MANUAL_REVIEW","HIGH"
"DG-NAME-133","SAME_NAME_DIFFERENT","UpdateDocumentTotals","modDemoDataSeeder; modDocumentRepository","2","Private; Public","Private Sub UpdateDocumentTotals(ByVal db As DAO.Database) || Public Function UpdateDocumentTotals(ByVal DocumentId As Long) As Boolean","","Visibility; Signature; ErrorHandling; Logging; SideEffects","26","modDemoDataSeeder; modDocumentPostingHandler; modDocumentRepository","Private Sub UpdateDocumentTotals(ByVal db As DAO.Database)","MANUAL_TARGET_SELECTION","MANUAL_REVIEW","HIGH"
"DG-NAME-134","SAME_NAME_DIFFERENT","SetFieldIfExists","modDemoDataSeeder; modMigrationTranslations","2","Private","Private Sub SetFieldIfExists(ByVal rs As DAO.Recordset, ByVal fieldName As String, ByVal Value As Variant)","","","200","modDemoDataSeeder; modMigrationTranslations","Private Sub SetFieldIfExists(ByVal rs As DAO.Recordset, ByVal fieldName As String, ByVal Value As Variant)","MANUAL_TARGET_SELECTION","MANUAL_REVIEW","HIGH"
"DG-NAME-135","SAME_NAME_DIFFERENT","SqlNumber","modDemoDataSeeder; modMigrationPaymentTerms","2","Private","Private Function SqlNumber(ByVal v As Variant) As String || Private Function SqlNumber(ByVal Value As Variant) As String","","Signature","22","modDemoDataSeeder; modMigrationPaymentTerms","Private Function SqlNumber(ByVal Value As Variant) As String","MANUAL_TARGET_SELECTION","MANUAL_REVIEW","HIGH"
"DG-NAME-136","SAME_NAME_DIFFERENT","SqlDate","modDemoDataSeeder; modMigrationPaymentTerms","2","Private","Private Function SqlDate(ByVal v As Variant) As String || Private Function SqlDate(ByVal Value As Variant) As String","","Signature","12","modDemoDataSeeder; modMigrationPaymentTerms","Private Function SqlDate(ByVal Value As Variant) As String","MANUAL_TARGET_SELECTION","MANUAL_REVIEW","HIGH"
"DG-NAME-137","SAME_NAME_DIFFERENT","NullIfEmpty","modDemoDataSeeder; modFwTranslationTagGeneratorService","2","Private","Private Function NullIfEmpty(ByVal Value As String) As Variant || Private Function NullIfEmpty(ByVal valueText As String) As Variant","","Signature","28","modDemoDataSeeder; modFwTranslationTagGeneratorService","Private Function NullIfEmpty(ByVal Value As String) As Variant","MANUAL_TARGET_SELECTION","MANUAL_REVIEW","HIGH"
"DG-NAME-138","SAME_NAME_DIFFERENT","ResolveGrossAmount","modDocumentCalculationService; modOrderCalculationService","2","Private","Private Function ResolveGrossAmount(ByVal NetAmount As Currency, ByVal VatAmount As Currency, ByVal vatRate As Double, ByVal VatMode As String) As Currency","","","16","modDocumentCalculationService; modOrderCalculationService","Private Function ResolveGrossAmount(ByVal NetAmount As Currency, ByVal VatAmount As Currency, ByVal vatRate As Double, ByVal VatMode As String) As Currency","MANUAL_TARGET_SELECTION","MANUAL_REVIEW","HIGH"
"DG-NAME-139","SAME_NAME_DIFFERENT","DocumentExists","modDocumentCalculationService; modDocumentRepository","2","Private; Public","Private Function DocumentExists(ByVal DocumentId As Long) As Boolean || Public Function DocumentExists(ByVal DocumentId As Long) As Boolean","DAO.Database; ErrorHandling","Visibility; Signature; Logging","24","modDocumentCalculationService; modDocumentPostingHandler; modDocumentRepository; modOutputPathService; modPdfExportService","Private Function DocumentExists(ByVal DocumentId As Long) As Boolean","MANUAL_TARGET_SELECTION","MANUAL_REVIEW","HIGH"
"DG-NAME-140","SAME_NAME_DIFFERENT","ResolveCurrencyCode","modDocumentRepository; modOrderRepository","2","Private","Private Function ResolveCurrencyCode() As String || Private Function ResolveCurrencyCode(ByVal explicitValue As String) As String","","Signature","14","modDocumentRepository; modOrderRepository","Private Function ResolveCurrencyCode() As String","MANUAL_TARGET_SELECTION","MANUAL_REVIEW","HIGH"
"DG-NAME-141","SAME_NAME_DIFFERENT","ParseTagTokens","modFormRuntime; modFwValidationRuntime","2","Private","Private Function ParseTagTokens(ByVal TagValue As String) As Object","ErrorHandling","Logging","32","modFormRuntime; modFwValidationRuntime","Private Function ParseTagTokens(ByVal TagValue As String) As Object","MANUAL_TARGET_SELECTION","MANUAL_REVIEW","HIGH"
"DG-NAME-142","SAME_NAME_DIFFERENT","TryFocusControl","modFormRuntime; modFwValidationRuntime","2","Private","Private Function TryFocusControl(ByVal ControlInstance As Control) As Boolean || Private Sub TryFocusControl(ByVal ctl As Control)","ErrorHandling","Signature","8","modFormRuntime; modFwValidationRuntime","Private Function TryFocusControl(ByVal ControlInstance As Control) As Boolean","MANUAL_TARGET_SELECTION","MANUAL_REVIEW","HIGH"
"DG-NAME-143","SAME_NAME_DIFFERENT","NormalizeObjectType","modFwComposerService; modFwControlNamingTool","2","Private","Private Function NormalizeObjectType(ByVal objectType As String) As String","","","62","modFwComposerService; modFwControlNamingTool","Private Function NormalizeObjectType(ByVal objectType As String) As String","MANUAL_TARGET_SELECTION","MANUAL_REVIEW","HIGH"
"DG-NAME-144","SAME_NAME_DIFFERENT","ObjectExists","modFwComposerService; modFwControlNamingTool","2","Private","Private Function ObjectExists(ByVal objectType As String, ByVal objectName As String) As Boolean","ErrorHandling","","18","modFwComposerService; modFwControlNamingTool","Private Function ObjectExists(ByVal objectType As String, ByVal objectName As String) As Boolean","MANUAL_TARGET_SELECTION","MANUAL_REVIEW","HIGH"
"DG-NAME-145","SAME_NAME_DIFFERENT","GetControlTagSafely","modFwComposerService; modFwTranslationAuditService","2","Private","Private Function GetControlTagSafely(ByVal ctl As Control) As String","ErrorHandling","","10","modFwComposerService; modFwTranslationAuditService","Private Function GetControlTagSafely(ByVal ctl As Control) As String","MANUAL_TARGET_SELECTION","MANUAL_REVIEW","HIGH"
"DG-NAME-146","SAME_NAME_DIFFERENT","TranslationRowExists","modFwComposerService; modFwTranslationAuditService","2","Private","Private Function TranslationRowExists(     ByVal db As DAO.Database,     ByVal translationKey As String,     ByVal languageCode As String ) As Boolean || Private Function TranslationRowExists(ByVal db As DAO.Database, ByVal translationKey As String, ByVal languageCode As String) As Boolean","ErrorHandling","Signature","12","modFwComposerService; modFwTranslationAuditService","Private Function TranslationRowExists(     ByVal db As DAO.Database,     ByVal translationKey As String,     ByVal languageCode As String ) As Boolean","modTranslationService","MANUAL_REVIEW","HIGH"
"DG-NAME-147","SAME_NAME_DIFFERENT","GetCaptionValue","modFwControlNamingTool; modFwTranslationRuntime","2","Private","Private Function GetCaptionValue(ByVal ctl As Object) As String || Private Function GetCaptionValue(ByVal target As Object) As String","ErrorHandling","Signature","12","modFwControlNamingTool; modFwTranslationRuntime","Private Function GetCaptionValue(ByVal ctl As Object) As String","MANUAL_TARGET_SELECTION","MANUAL_REVIEW","HIGH"
"DG-NAME-148","SAME_NAME_DIFFERENT","ResolveTenantCode","modFwDiagnostics; modTenantRepository; modUserRepository","3","Private","Private Function ResolveTenantCode() As String","","ErrorHandling","27","modFwDiagnostics; modTenantRepository; modUserRepository","Private Function ResolveTenantCode() As String","MANUAL_TARGET_SELECTION","MANUAL_REVIEW","HIGH"
"DG-NAME-149","SAME_NAME_DIFFERENT","NormalizeTranslationKey","modFwTranslationEditService; modFwTranslationRuntime","2","Private","Private Function NormalizeTranslationKey(ByVal translationKey As String) As String","","","28","modFwTranslationEditService; modFwTranslationRuntime","Private Function NormalizeTranslationKey(ByVal translationKey As String) As String","modTranslationService","MANUAL_REVIEW","HIGH"
"DG-NAME-150","SAME_NAME_DIFFERENT","LookupTranslation","modFwTranslationRuntime; modTranslationService","2","Private","Private Function LookupTranslation(     ByVal db As DAO.Database,     ByVal translationKey As String,     ByVal languageCode As String) As String || Private Function LookupTranslation(ByVal languageCode As String, ByVal TextKey As String) As String","ErrorHandling","Signature","30","modFwTranslationRuntime; modTranslationService","Private Function LookupTranslation(     ByVal db As DAO.Database,     ByVal translationKey As String,     ByVal languageCode As String) As String","modTranslationService","MANUAL_REVIEW","HIGH"
"DG-NAME-151","SAME_NAME_DIFFERENT","NormalizeLanguageCode","modFwTranslationRuntime; modTranslationService","2","Private","Private Function NormalizeLanguageCode(ByVal languageCode As String) As String","","","34","modFwTranslationRuntime; modTranslationService","Private Function NormalizeLanguageCode(ByVal languageCode As String) As String","modTranslationService","MANUAL_REVIEW","HIGH"
"DG-NAME-152","SAME_NAME_DIFFERENT","GetTagValue","modFwTranslationRuntime; modFwValidationRuntime","2","Private","Private Function GetTagValue(ByVal tagTokens As Object, ByVal TagName As String) As String || Private Function GetTagValue(ByVal target As Object) As String","ErrorHandling","Signature","18","modFwTranslationRuntime; modFwValidationRuntime","Private Function GetTagValue(ByVal target As Object) As String","MANUAL_TARGET_SELECTION","MANUAL_REVIEW","HIGH"
"DG-NAME-153","SAME_NAME_DIFFERENT","BuildTranslationKey","modFwTranslationTagGeneratorService; modTranslationService","2","Private","Private Function BuildTranslationKey(ByVal FormName As String, ByVal ControlName As String) As String || Private Function BuildTranslationKey(ByVal languageCode As String, ByVal TextKey As String) As String","","Signature","12","modFwTranslationTagGeneratorService; modTranslationService","Private Function BuildTranslationKey(ByVal FormName As String, ByVal ControlName As String) As String","modTranslationService","MANUAL_REVIEW","HIGH"
"DG-NAME-154","SAME_NAME_DIFFERENT","FindNumberRangeRow","modNumberRangeRepository; modOrderRepository","2","Private","Private Function FindNumberRangeRow(ByVal rs As DAO.Recordset, ByVal DocumentTypeCode As String, ByVal FiscalYear As Long) As Boolean","ErrorHandling","Logging","20","modNumberRangeRepository; modOrderRepository","Private Function FindNumberRangeRow(ByVal rs As DAO.Recordset, ByVal DocumentTypeCode As String, ByVal FiscalYear As Long) As Boolean","MANUAL_TARGET_SELECTION","MANUAL_REVIEW","HIGH"
