"translation_key","old_language_code","new_language_code","text"
"ADDRESS_TYPE.COMPANY","DE-CH","de-CH","Firma"
"ADDRESS_TYPE.COMPANY","DE-DE","de-DE","Unternehmen"
"ADDRESS_TYPE.COMPANY","EN-US","en-US","Company"
"ADDRESS_TYPE.COMPANY","IT-CH","it-CH","Azienda"
"ADDRESS_TYPE.CUSTOMER","DE-CH","de-CH","Kunde"
"ADDRESS_TYPE.CUSTOMER","DE-DE","de-DE","Kunde"
"ADDRESS_TYPE.CUSTOMER","EN-US","en-US","Customer"
"ADDRESS_TYPE.CUSTOMER","IT-CH","it-CH","Cliente"
"ADDRESS_TYPE.EMPLOYEE","DE-CH","de-CH","Mitarbeiter"
"ADDRESS_TYPE.EMPLOYEE","DE-DE","de-DE","Mitarbeiter"
"ADDRESS_TYPE.EMPLOYEE","EN-US","en-US","Employee"
"ADDRESS_TYPE.EMPLOYEE","IT-CH","it-CH","Collaboratore"
"ADDRESS_TYPE.OTHER","DE-CH","de-CH","Andere"
"ADDRESS_TYPE.OTHER","DE-DE","de-DE","Sonstige"
"ADDRESS_TYPE.OTHER","EN-US","en-US","Other"
"ADDRESS_TYPE.OTHER","IT-CH","it-CH","Altro"
"ADDRESS_TYPE.PARTNER","DE-CH","de-CH","Partner"
"ADDRESS_TYPE.PARTNER","DE-DE","de-DE","Partner"
"ADDRESS_TYPE.PARTNER","EN-US","en-US","Partner"
"ADDRESS_TYPE.PARTNER","IT-CH","it-CH","Partner"
"ADDRESS_TYPE.PRIVATE","DE-CH","de-CH","Privat"
"ADDRESS_TYPE.PRIVATE","DE-DE","de-DE","Privat"
"ADDRESS_TYPE.PRIVATE","EN-US","en-US","Private"
"ADDRESS_TYPE.PRIVATE","IT-CH","it-CH","Privato"
"ADDRESS_TYPE.SUPPLIER","DE-CH","de-CH","Lieferant"
"ADDRESS_TYPE.SUPPLIER","DE-DE","de-DE","Lieferant"
"ADDRESS_TYPE.SUPPLIER","EN-US","en-US","Supplier"
"ADDRESS_TYPE.SUPPLIER","IT-CH","it-CH","Fornitore"
"ADDRESSING_MODE.FORMAL","DE-CH","de-CH","Formal"
"ADDRESSING_MODE.FORMAL","DE-DE","de-DE","Formal"
"ADDRESSING_MODE.FORMAL","EN-US","en-US","Formal"
"ADDRESSING_MODE.FORMAL","IT-CH","it-CH","Formale"
"ADDRESSING_MODE.INFORMAL","DE-CH","de-CH","Informell"
"ADDRESSING_MODE.INFORMAL","DE-DE","de-DE","Informell"
"ADDRESSING_MODE.INFORMAL","EN-US","en-US","Informal"
"ADDRESSING_MODE.INFORMAL","IT-CH","it-CH","Informale"
"COMMON.ALL","DE-CH","de-CH","Alle"
"COMMON.ALL","EN-US","en-US","All"
"COMMON.BACK","DE-CH","de-CH","Zurück"
"COMMON.BACK","EN-US","en-US","Back"
"COMMON.CLEAR_SEARCH","DE-CH","de-CH","Filter Reset"
"COMMON.CLEAR_SEARCH","EN-US","en-US","Clear Filter"
"COMMON.EDIT","DE-CH","de-CH","Bearbeiten"
"COMMON.EDIT","EN-US","en-US","Edit"
"COMMON.HOME","DE-CH","de-CH","Home"
"COMMON.HOME","EN-US","en-US","Home"
"COMMON.NEW","DE-CH","de-CH","Neu"
"COMMON.NEW","EN-US","en-US","New"
"COMMON.REFRESH","DE-CH","de-CH","Aktualisieren"
"COMMON.REFRESH","EN-US","en-US","Refresh"
"COMMON.SEARCH","DE-CH","de-CH","Suche"
"COMMON.SEARCH","EN-US","en-US","Search"
"CONTACT_TYPE.EMAIL","DE-CH","de-CH","E-Mail"
"CONTACT_TYPE.EMAIL","DE-DE","de-DE","E-Mail"
"CONTACT_TYPE.EMAIL","EN-US","en-US","E-Mail"
"CONTACT_TYPE.EMAIL","IT-CH","it-CH","E-mail"
"CONTACT_TYPE.FAX","DE-CH","de-CH","Fax"
"CONTACT_TYPE.FAX","DE-DE","de-DE","Fax"
"CONTACT_TYPE.FAX","EN-US","en-US","Fax"
"CONTACT_TYPE.FAX","IT-CH","it-CH","Fax"
"CONTACT_TYPE.MOBILE","DE-CH","de-CH","Mobil"
"CONTACT_TYPE.MOBILE","DE-DE","de-DE","Mobil"
"CONTACT_TYPE.MOBILE","EN-US","en-US","Mobile"
"CONTACT_TYPE.MOBILE","IT-CH","it-CH","Mobile"
"CONTACT_TYPE.OTHER","DE-CH","de-CH","Sonstige"
"CONTACT_TYPE.OTHER","DE-DE","de-DE","Sonstige"
"CONTACT_TYPE.OTHER","EN-US","en-US","Other"
"CONTACT_TYPE.OTHER","IT-CH","it-CH","Altro"
"CONTACT_TYPE.PHONE","DE-CH","de-CH","Telefon"
"CONTACT_TYPE.PHONE","DE-DE","de-DE","Telefon"
"CONTACT_TYPE.PHONE","EN-US","en-US","Phone"
"CONTACT_TYPE.PHONE","IT-CH","it-CH","Telefono"
"CONTACT_TYPE.WEBSITE","DE-CH","de-CH","Webseite"
"CONTACT_TYPE.WEBSITE","DE-DE","de-DE","Webseite"
"CONTACT_TYPE.WEBSITE","EN-US","en-US","Website"
"CONTACT_TYPE.WEBSITE","IT-CH","it-CH","Sito web"
"ERR_DATE","DE","de-CH","muss ein gueltiges Datum sein"
"ERR_DATE","DE-CH","de-CH","Gültiges Datum erwartet"
"ERR_DATE","EN","en-US","must be a valid date"
"ERR_DATE","EN-US","en-US","Valid date expected"
"ERR_INTEGER","DE","de-CH","muss eine ganze Zahl sein"
"ERR_INTEGER","DE-CH","de-CH","Ganze Zahl erwartet"
"ERR_INTEGER","EN","en-US","must be an integer"
"ERR_INTEGER","EN-US","en-US","Integer expected"
"ERR_MAX","DE","de-CH","muss <= {0} sein"
"ERR_MAX","DE-CH","de-CH","Wert zu gross"
"ERR_MAX","EN","en-US","must be <= {0}"
"ERR_MAX","EN-US","en-US","Value too large"
"ERR_MAXLEN","DE","de-CH","Maximallaenge ist {0}"
"ERR_MAXLEN","DE-CH","de-CH","Eingabe zu lang"
"ERR_MAXLEN","EN","en-US","maximum length is {0}"
"ERR_MAXLEN","EN-US","en-US","Input is too long"
"ERR_MIN","DE","de-CH","muss >= {0} sein"
"ERR_MIN","DE-CH","de-CH","Wert zu klein"
"ERR_MIN","EN","en-US","must be >= {0}"
"ERR_MIN","EN-US","en-US","Value too small"
"ERR_MINLEN","DE","de-CH","Mindestlaenge ist {0}"
"ERR_MINLEN","DE-CH","de-CH","Eingabe zu kurz"
"ERR_MINLEN","EN","en-US","minimum length is {0}"
"ERR_MINLEN","EN-US","en-US","Input too short"
"ERR_NUMERIC","DE","de-CH","muss eine Zahl sein"
"ERR_NUMERIC","DE-CH","de-CH","Numerischer Wert erwartet"
"ERR_NUMERIC","EN","en-US","must be a number"
"ERR_NUMERIC","EN-US","en-US","Numeric value expected"
"ERR_REQUIRED","DE","de-CH","ist erforderlich"
"ERR_REQUIRED","DE-CH","de-CH","Pflichtfeld"
"ERR_REQUIRED","EN","en-US","is required"
"ERR_REQUIRED","EN-US","en-US","Mandatory field"
"FORM.FRMADDRESSCOCKPIT.ACCOUNT_STATEMENT","DE-CH","de-CH","Kontoauszug"
"FORM.FRMADDRESSCOCKPIT.ACCOUNT_STATEMENT","EN-US","en-US","Account statement"
"FORM.FRMADDRESSCOCKPIT.ACTIVE_SUBSCRIPTIONS","DE-CH","de-CH","Aktive Abos"
"FORM.FRMADDRESSCOCKPIT.ACTIVE_SUBSCRIPTIONS","EN-US","en-US","Active subscriptions"
"FORM.FRMADDRESSCOCKPIT.ADDRESS","DE-CH","de-CH","Adresse"
"FORM.FRMADDRESSCOCKPIT.ADDRESS","EN-US","en-US","Address"
"FORM.FRMADDRESSCOCKPIT.CAPTURE_PAYMENT","DE-CH","de-CH","Zahlungseingang erfassen"
"FORM.FRMADDRESSCOCKPIT.CAPTURE_PAYMENT","EN-US","en-US","Capture payment"
"FORM.FRMADDRESSCOCKPIT.CMDACCOUNTSTATEMENT","DE-CH","de-CH","Kontoauszug"
"FORM.FRMADDRESSCOCKPIT.CMDACCOUNTSTATEMENT","EN-US","en-US","Account statement"
"FORM.FRMADDRESSCOCKPIT.CMDCAPTUREPAYMENT","DE-CH","de-CH","Zahlungseingang erfassen"
"FORM.FRMADDRESSCOCKPIT.CMDCAPTUREPAYMENT","EN-US","en-US","Enter Incoming Payment"
"FORM.FRMADDRESSCOCKPIT.CMDDUNNING","DE-CH","de-CH","Mahnungen"
"FORM.FRMADDRESSCOCKPIT.CMDDUNNING","EN-US","en-US","Reminders"
"FORM.FRMADDRESSCOCKPIT.CMDEMAILS","DE-CH","de-CH","E-Mails"
"FORM.FRMADDRESSCOCKPIT.CMDEMAILS","EN-US","en-US","Emails"
"FORM.FRMADDRESSCOCKPIT.CMDMANAGEORDERS","DE-CH","de-CH","Bestellungen verwalten"
"FORM.FRMADDRESSCOCKPIT.CMDMANAGEORDERS","EN-US","en-US","Manage Orders"
"FORM.FRMADDRESSCOCKPIT.CMDMANAGESUBSCRIPTIONS","DE-CH","de-CH","Abos verwalten"
"FORM.FRMADDRESSCOCKPIT.CMDMANAGESUBSCRIPTIONS","EN-US","en-US","Manage Subscriptions"
"FORM.FRMADDRESSCOCKPIT.CMDNEWORDER","DE-CH","de-CH","Neue Bestellung"
"FORM.FRMADDRESSCOCKPIT.CMDNEWORDER","EN-US","en-US","New Order"
"FORM.FRMADDRESSCOCKPIT.CMDNEWSUBSCRIPTION","DE-CH","de-CH","Neues Abo"
"FORM.FRMADDRESSCOCKPIT.CMDNEWSUBSCRIPTION","EN-US","en-US","New Subscription"
"FORM.FRMADDRESSCOCKPIT.CMDNOTES","DE-CH","de-CH","Notizen"
"FORM.FRMADDRESSCOCKPIT.CMDNOTES","EN-US","en-US","Notes"
"FORM.FRMADDRESSCOCKPIT.CMDREPORTS","DE-CH","de-CH","Reports"
"FORM.FRMADDRESSCOCKPIT.CMDREPORTS","EN-US","en-US","Reports"
"FORM.FRMADDRESSCOCKPIT.CONTACT","DE-CH","de-CH","Kontakt"
"FORM.FRMADDRESSCOCKPIT.CONTACT","EN-US","en-US","Contact"
"FORM.FRMADDRESSCOCKPIT.DUNNINGS","DE-CH","de-CH","Mahnungen"
"FORM.FRMADDRESSCOCKPIT.DUNNINGS","EN-US","en-US","Dunnings"
"FORM.FRMADDRESSCOCKPIT.DUNNINGS_ACTION","DE-CH","de-CH","Mahnungen"
"FORM.FRMADDRESSCOCKPIT.DUNNINGS_ACTION","EN-US","en-US","Dunnings"
"FORM.FRMADDRESSCOCKPIT.EMAILS","DE-CH","de-CH","E-Mails"
"FORM.FRMADDRESSCOCKPIT.EMAILS","EN-US","en-US","Emails"
"FORM.FRMADDRESSCOCKPIT.FORM_TITLE","DE-CH","de-CH","Adress-Cockpit"
"FORM.FRMADDRESSCOCKPIT.FORM_TITLE","EN-US","en-US","Address Cockpit"
"FORM.FRMADDRESSCOCKPIT.LAST_ACTIVITY","DE-CH","de-CH","Letzte Aktivitaet"
"FORM.FRMADDRESSCOCKPIT.LAST_ACTIVITY","EN-US","en-US","Last activity"
"FORM.FRMADDRESSCOCKPIT.LBLACTIVESUBSCRIPTIONS","DE-CH","de-CH","Aktive Abos"
"FORM.FRMADDRESSCOCKPIT.LBLACTIVESUBSCRIPTIONS","EN-US","en-US","Active Subscriptions"
"FORM.FRMADDRESSCOCKPIT.LBLADDRESS","DE-CH","de-CH","Adresse"
"FORM.FRMADDRESSCOCKPIT.LBLADDRESS","EN-US","en-US","Address"
"FORM.FRMADDRESSCOCKPIT.LBLCONTACT","DE-CH","de-CH","Kontakt"
"FORM.FRMADDRESSCOCKPIT.LBLCONTACT","EN-US","en-US","Contact"
"FORM.FRMADDRESSCOCKPIT.LBLCURRENCY","DE-CH","de-CH","Währung"
"FORM.FRMADDRESSCOCKPIT.LBLCURRENCY","EN-US","en-US","Currency"
"FORM.FRMADDRESSCOCKPIT.LBLDISPLAYNAME","DE-CH","de-CH","Name / Firma"
"FORM.FRMADDRESSCOCKPIT.LBLDISPLAYNAME","EN-US","en-US","Name / Company"
"FORM.FRMADDRESSCOCKPIT.LBLDUNNINGS","DE-CH","de-CH","Mahnungen"
"FORM.FRMADDRESSCOCKPIT.LBLDUNNINGS","EN-US","en-US","Reminders"
"FORM.FRMADDRESSCOCKPIT.LBLFORMTITLE","DE-CH","de-CH",""
"FORM.FRMADDRESSCOCKPIT.LBLFORMTITLE","EN-US","en-US",""
"FORM.FRMADDRESSCOCKPIT.LBLLANGUAGE","DE-CH","de-CH","Sprache"
"FORM.FRMADDRESSCOCKPIT.LBLLANGUAGE","EN-US","en-US","Language"
"FORM.FRMADDRESSCOCKPIT.LBLLASTACTIVITY","DE-CH","de-CH","Letzte Aktivität"
"FORM.FRMADDRESSCOCKPIT.LBLLASTACTIVITY","EN-US","en-US","Last Activity"
"FORM.FRMADDRESSCOCKPIT.LBLLOCKHINT","DE-CH","de-CH","Adresse ist gesperrt"
"FORM.FRMADDRESSCOCKPIT.LBLLOCKHINT","EN-US","en-US","Address is locked"
"FORM.FRMADDRESSCOCKPIT.LBLOPENINVOICES","DE-CH","de-CH","Offene Rechnungen"
"FORM.FRMADDRESSCOCKPIT.LBLOPENINVOICES","EN-US","en-US","Open Invoices"
"FORM.FRMADDRESSCOCKPIT.LBLOPENORDERS","DE-CH","de-CH","Offene Aufträge"
"FORM.FRMADDRESSCOCKPIT.LBLOPENORDERS","EN-US","en-US","Open Orders"
"FORM.FRMADDRESSCOCKPIT.LBLOVERDUEITEMS","DE-CH","de-CH","Überfällige Posten"
"FORM.FRMADDRESSCOCKPIT.LBLOVERDUEITEMS","EN-US","en-US","Overdue items"
"FORM.FRMADDRESSCOCKPIT.LBLSALESCURRENTYEAR","DE-CH","de-CH","Umsatz laufendes Jahr"
"FORM.FRMADDRESSCOCKPIT.LBLSALESCURRENTYEAR","EN-US","en-US","Current Year Sales"
"FORM.FRMADDRESSCOCKPIT.LBLSTATUS","DE-CH","de-CH","Status"
"FORM.FRMADDRESSCOCKPIT.LBLSTATUS","EN-US","en-US","Status"
"FORM.FRMADDRESSCOCKPIT.LOCK_HINT","DE-CH","de-CH","Adresse ist gesperrt"
"FORM.FRMADDRESSCOCKPIT.LOCK_HINT","EN-US","en-US","Address is locked"
"FORM.FRMADDRESSCOCKPIT.MANAGE_ORDERS","DE-CH","de-CH","Bestellungen verwalten"
"FORM.FRMADDRESSCOCKPIT.MANAGE_ORDERS","EN-US","en-US","Manage orders"
"FORM.FRMADDRESSCOCKPIT.MANAGE_SUBSCRIPTIONS","DE-CH","de-CH","Abos verwalten"
"FORM.FRMADDRESSCOCKPIT.MANAGE_SUBSCRIPTIONS","EN-US","en-US","Manage subscriptions"
"FORM.FRMADDRESSCOCKPIT.N_A","DE-CH","de-CH","n/a"
"FORM.FRMADDRESSCOCKPIT.N_A","EN-US","en-US","n/a"
"FORM.FRMADDRESSCOCKPIT.NEW_ORDER","DE-CH","de-CH","Neue Bestellung"
"FORM.FRMADDRESSCOCKPIT.NEW_ORDER","EN-US","en-US","New order"
"FORM.FRMADDRESSCOCKPIT.NEW_SUBSCRIPTION","DE-CH","de-CH","Neues Abo"
"FORM.FRMADDRESSCOCKPIT.NEW_SUBSCRIPTION","EN-US","en-US","New subscription"
"FORM.FRMADDRESSCOCKPIT.NOTES","DE-CH","de-CH","Notizen"
"FORM.FRMADDRESSCOCKPIT.NOTES","EN-US","en-US","Notes"
"FORM.FRMADDRESSCOCKPIT.OPEN_INVOICES","DE-CH","de-CH","Offene Rechnungen"
"FORM.FRMADDRESSCOCKPIT.OPEN_INVOICES","EN-US","en-US","Open invoices"
"FORM.FRMADDRESSCOCKPIT.OPEN_ORDERS","DE-CH","de-CH","Offene Auftraege"
"FORM.FRMADDRESSCOCKPIT.OPEN_ORDERS","EN-US","en-US","Open orders"
"FORM.FRMADDRESSCOCKPIT.OVERDUE_ITEMS","DE-CH","de-CH","Ueberfaellige Posten"
"FORM.FRMADDRESSCOCKPIT.OVERDUE_ITEMS","EN-US","en-US","Overdue items"
"FORM.FRMADDRESSCOCKPIT.RECHTECK24","DE-CH","de-CH",""
"FORM.FRMADDRESSCOCKPIT.RECHTECK24","EN-US","en-US",""
"FORM.FRMADDRESSCOCKPIT.REPORTS","DE-CH","de-CH","Reports"
"FORM.FRMADDRESSCOCKPIT.REPORTS","EN-US","en-US","Reports"
"FORM.FRMADDRESSCOCKPIT.SALES_CURRENT_YEAR","DE-CH","de-CH","Umsatz laufendes Jahr"
"FORM.FRMADDRESSCOCKPIT.SALES_CURRENT_YEAR","EN-US","en-US","Sales current year"
"FORM.FRMADDRESSCOCKPIT.STATUS","DE-CH","de-CH","Status"
"FORM.FRMADDRESSCOCKPIT.STATUS","EN-US","en-US","Status"
"FORM.FRMADDRESSCOCKPIT.STATUS_ACTIVE","DE-CH","de-CH","Aktiv"
"FORM.FRMADDRESSCOCKPIT.STATUS_ACTIVE","EN-US","en-US","Active"
"FORM.FRMADDRESSCOCKPIT.STATUS_INACTIVE","DE-CH","de-CH","Inaktiv"
"FORM.FRMADDRESSCOCKPIT.STATUS_INACTIVE","EN-US","en-US","Inactive"
"FORM.FRMADDRESSCOCKPIT.TXTACTIVESUBSCRIPTIONSCOUNT","DE-CH","de-CH",""
"FORM.FRMADDRESSCOCKPIT.TXTACTIVESUBSCRIPTIONSCOUNT","EN-US","en-US",""
"FORM.FRMADDRESSCOCKPIT.TXTADDRESSCOMPACT","DE-CH","de-CH",""
"FORM.FRMADDRESSCOCKPIT.TXTADDRESSCOMPACT","EN-US","en-US",""
"FORM.FRMADDRESSCOCKPIT.TXTADDRESSID","DE-CH","de-CH",""
"FORM.FRMADDRESSCOCKPIT.TXTADDRESSID","EN-US","en-US",""
"FORM.FRMADDRESSCOCKPIT.TXTCONTACTINFO","DE-CH","de-CH",""
"FORM.FRMADDRESSCOCKPIT.TXTCONTACTINFO","EN-US","en-US",""
"FORM.FRMADDRESSCOCKPIT.TXTCURRENCYCODE","DE-CH","de-CH",""
"FORM.FRMADDRESSCOCKPIT.TXTCURRENCYCODE","EN-US","en-US",""
"FORM.FRMADDRESSCOCKPIT.TXTDISPLAYNAME","DE-CH","de-CH",""
"FORM.FRMADDRESSCOCKPIT.TXTDISPLAYNAME","EN-US","en-US",""
"FORM.FRMADDRESSCOCKPIT.TXTDUNNINGCOUNT","DE-CH","de-CH",""
"FORM.FRMADDRESSCOCKPIT.TXTDUNNINGCOUNT","EN-US","en-US",""
"FORM.FRMADDRESSCOCKPIT.TXTLANGUAGECODE","DE-CH","de-CH",""
"FORM.FRMADDRESSCOCKPIT.TXTLANGUAGECODE","EN-US","en-US",""
"FORM.FRMADDRESSCOCKPIT.TXTLASTACTIVITYTEXT","DE-CH","de-CH",""
"FORM.FRMADDRESSCOCKPIT.TXTLASTACTIVITYTEXT","EN-US","en-US",""
"FORM.FRMADDRESSCOCKPIT.TXTLOCKREASON","DE-CH","de-CH",""
"FORM.FRMADDRESSCOCKPIT.TXTLOCKREASON","EN-US","en-US",""
"FORM.FRMADDRESSCOCKPIT.TXTOPENINVOICESCOUNT","DE-CH","de-CH",""
"FORM.FRMADDRESSCOCKPIT.TXTOPENINVOICESCOUNT","EN-US","en-US",""
"FORM.FRMADDRESSCOCKPIT.TXTOPENORDERSCOUNT","DE-CH","de-CH",""
"FORM.FRMADDRESSCOCKPIT.TXTOPENORDERSCOUNT","EN-US","en-US",""
"FORM.FRMADDRESSCOCKPIT.TXTOVERDUEITEMSCOUNT","DE-CH","de-CH",""
"FORM.FRMADDRESSCOCKPIT.TXTOVERDUEITEMSCOUNT","EN-US","en-US",""
"FORM.FRMADDRESSCOCKPIT.TXTSALESCURRENTYEARAMOUNT","DE-CH","de-CH",""
"FORM.FRMADDRESSCOCKPIT.TXTSALESCURRENTYEARAMOUNT","EN-US","en-US",""
"FORM.FRMADDRESSCOCKPIT.TXTSTATUSTEXT","DE-CH","de-CH",""
"FORM.FRMADDRESSCOCKPIT.TXTSTATUSTEXT","EN-US","en-US",""
"FORM.FRMADDRESSDETAIL.ADDRESS_CONTACTS","DE-CH","de-CH","Kontakt"
"FORM.FRMADDRESSDETAIL.ADDRESS_CONTACTS","EN-US","en-US","contact"
"FORM.FRMADDRESSDETAIL.ADDRESS_ID","DE-CH","de-CH","ID"
"FORM.FRMADDRESSDETAIL.ADDRESS_ID","EN-US","en-US","ID"
"FORM.FRMADDRESSDETAIL.ADDRESS_TYPE_CODE","DE-CH","de-CH","Typ"
"FORM.FRMADDRESSDETAIL.ADDRESS_TYPE_CODE","EN-US","en-US","Type"
"FORM.FRMADDRESSDETAIL.ADDRESSING_MODE","DE-CH","de-CH","Anredeform"
"FORM.FRMADDRESSDETAIL.ADDRESSING_MODE","EN-US","en-US","Form of address"
"FORM.FRMADDRESSDETAIL.CMDCANCEL","DE-CH","de-CH","Abbrechen"
"FORM.FRMADDRESSDETAIL.CMDCANCEL","EN-US","en-US","Cancel"
"FORM.FRMADDRESSDETAIL.CMDSAVE","DE-CH","de-CH","Speichern"
"FORM.FRMADDRESSDETAIL.CMDSAVE","EN-US","en-US","Save"
"FORM.FRMADDRESSDETAIL.COMPANY_NAME","DE-CH","de-CH","Firma"
"FORM.FRMADDRESSDETAIL.COMPANY_NAME","EN-US","en-US","Company"
"FORM.FRMADDRESSDETAIL.CREATED_AT","DE-CH","de-CH","Erstellt am"
"FORM.FRMADDRESSDETAIL.CREATED_AT","EN-US","en-US","Created on"
"FORM.FRMADDRESSDETAIL.CREATED_BY","DE-CH","de-CH","Erstellt von"
"FORM.FRMADDRESSDETAIL.CREATED_BY","EN-US","en-US","Created by"
"FORM.FRMADDRESSDETAIL.FIRST_NAME","DE-CH","de-CH","Vorname"
"FORM.FRMADDRESSDETAIL.FIRST_NAME","EN-US","en-US","First name"
"FORM.FRMADDRESSDETAIL.FORM_TITLE","DE-CH","de-CH","Bearbeiten"
"FORM.FRMADDRESSDETAIL.FORM_TITLE","EN-US","en-US","Edit"
"FORM.FRMADDRESSDETAIL.IS_ACTIVE","DE-CH","de-CH","Aktiv"
"FORM.FRMADDRESSDETAIL.IS_ACTIVE","EN-US","en-US","Active"
"FORM.FRMADDRESSDETAIL.LAND_PLZ_ORT","DE-CH","de-CH","Land | Plz | Ort"
"FORM.FRMADDRESSDETAIL.LAND_PLZ_ORT","EN-US","en-US","Country | Zip | City"
"FORM.FRMADDRESSDETAIL.LANGUAGE_CODE","DE-CH","de-CH","Sprache"
"FORM.FRMADDRESSDETAIL.LANGUAGE_CODE","EN-US","en-US","language"
"FORM.FRMADDRESSDETAIL.LAST_NAME","DE-CH","de-CH","Nachname"
"FORM.FRMADDRESSDETAIL.LAST_NAME","EN-US","en-US","Last name"
"FORM.FRMADDRESSDETAIL.LBLISACTIVE","DE-CH","de-CH","Aktiv"
"FORM.FRMADDRESSDETAIL.LBLISACTIVE","EN-US","en-US","Active"
"FORM.FRMADDRESSDETAIL.PREFERRED_NAME","DE-CH","de-CH","Bevorzugter Name"
"FORM.FRMADDRESSDETAIL.PREFERRED_NAME","EN-US","en-US","Preferred name"
"FORM.FRMADDRESSDETAIL.SALUTATION","DE-CH","de-CH","Anrede"
"FORM.FRMADDRESSDETAIL.SALUTATION","EN-US","en-US","Salutation"
"FORM.FRMADDRESSDETAIL.STREET_NO","DE-CH","de-CH","Strasse | Nr"
"FORM.FRMADDRESSDETAIL.STREET_NO","EN-US","en-US","Street | No"
"FORM.FRMADDRESSLIST.ADDRESS_ID","DE-CH","de-CH","ID"
"FORM.FRMADDRESSLIST.ADDRESS_ID","EN-US","en-US","ID"
"FORM.FRMADDRESSLIST.CITY","DE-CH","de-CH","Ort"
"FORM.FRMADDRESSLIST.CITY","EN-US","en-US","City"
"FORM.FRMADDRESSLIST.DISPLAY_NAME","DE-CH","de-CH","Anzeigename"
"FORM.FRMADDRESSLIST.DISPLAY_NAME","EN-US","en-US","Display name"
"FORM.FRMADDRESSLIST.EMAIL","DE-CH","de-CH","E-Mail"
"FORM.FRMADDRESSLIST.EMAIL","EN-US","en-US","e-mail"
"FORM.FRMADDRESSLIST.LBLFORMTITLE","DE-CH","de-CH","Adressenliste"
"FORM.FRMADDRESSLIST.LBLFORMTITLE","EN-US","en-US","Address list"
"FORM.FRMADDRESSLIST.PHONE","DE-CH","de-CH","Telefon"
"FORM.FRMADDRESSLIST.PHONE","EN-US","en-US","Phone"
"FORM.FRMADDRESSLIST.ZIP_CODE","DE-CH","de-CH","Plz"
"FORM.FRMADDRESSLIST.ZIP_CODE","EN-US","en-US","Zip-code"
"FORM.FRMAPPDASHBOARD.BACKEND","DE-CH","de-CH","Backend"
"FORM.FRMAPPDASHBOARD.BACKEND","EN-US","en-US","Backend"
"FORM.FRMAPPDASHBOARD.FRAMEWORK","DE-CH","de-CH","Framework"
"FORM.FRMAPPDASHBOARD.FRAMEWORK","EN-US","en-US","Framework"
"FORM.FRMAPPDASHBOARD.STATUS","DE-CH","de-CH","Status"
"FORM.FRMAPPDASHBOARD.STATUS","EN-US","en-US","Status"
"FORM.FRMAPPDASHBOARD.TENANT","DE-CH","de-CH","Mandant"
"FORM.FRMAPPDASHBOARD.TENANT","EN-US","en-US","Tenant"
"FORM.FRMAPPDASHBOARD.USER","DE-CH","de-CH","Benutzer"
"FORM.FRMAPPDASHBOARD.USER","EN-US","en-US","User"
"FORM.FRMAPPSHELL.APP_SUBTITLE","DE-CH","de-CH","Die clevere Auftragsbearbeitung"
"FORM.FRMAPPSHELL.APP_SUBTITLE","EN-US","en-US","Clever order processing"
"FORM.FRMAPPSHELL.APP_TITLE","DE-CH","de-CH","EASIS v4"
"FORM.FRMAPPSHELL.APP_TITLE","EN-US","en-US","EASIS v4"
"FORM.FRMAPPSHELL.BACKEND","DE-CH","de-CH","Backend"
"FORM.FRMAPPSHELL.BACKEND","EN-US","en-US","Backend"
"FORM.FRMAPPSHELL.ENVIRONMENT","DE-CH","de-CH","Umgebung:"
"FORM.FRMAPPSHELL.ENVIRONMENT","EN-US","en-US","Environment"
"FORM.FRMAPPSHELL.ROLE","DE-CH","de-CH","Rolle"
"FORM.FRMAPPSHELL.ROLE","EN-US","en-US","Role"
"FORM.FRMAPPSHELL.STATUS_APP_VERSION","DE-CH","de-CH","Version:"
"FORM.FRMAPPSHELL.STATUS_APP_VERSION","EN-US","en-US","Version:"
"FORM.FRMAPPSHELL.STATUS_BACKEND","DE-CH","de-CH","Backend:"
"FORM.FRMAPPSHELL.STATUS_BACKEND","EN-US","en-US","backend:"
"FORM.FRMAPPSHELL.STATUS_CURRENT_ROLE","DE-CH","de-CH","Rolle"
"FORM.FRMAPPSHELL.STATUS_CURRENT_ROLE","EN-US","en-US","Role"
"FORM.FRMAPPSHELL.STATUS_CURRENT_TENANT","DE-CH","de-CH","Mandant"
"FORM.FRMAPPSHELL.STATUS_CURRENT_TENANT","EN-US","en-US","Tenant"
"FORM.FRMAPPSHELL.STATUS_CURRENT_USER","DE-CH","de-CH","Benutzer"
"FORM.FRMAPPSHELL.STATUS_CURRENT_USER","EN-US","en-US","user"
"FORM.FRMAPPSHELL.STATUS_ENVIRONMENT","DE-CH","de-CH","Umgebung:"
"FORM.FRMAPPSHELL.STATUS_ENVIRONMENT","EN-US","en-US","Environment:"
"FORM.FRMAPPSHELL.STATUS_ROLE","DE-CH","de-CH","Rolle"
"FORM.FRMAPPSHELL.STATUS_ROLE","EN-US","en-US","Role"
"FORM.FRMAPPSHELL.STATUS_TENANT","DE-CH","de-CH","Mandant"
"FORM.FRMAPPSHELL.STATUS_TENANT","EN-US","en-US","Tenant"
"FORM.FRMAPPSHELL.STATUS_USER","DE-CH","de-CH","Benutzer"
"FORM.FRMAPPSHELL.STATUS_USER","EN-US","en-US","user"
"FORM.FRMAPPSHELL.TENANT","DE-CH","de-CH","Mandant"
"FORM.FRMAPPSHELL.TENANT","EN-US","en-US","Tenant"
"FORM.FRMAPPSHELL.USER","DE-CH","de-CH","Benutzer"
"FORM.FRMAPPSHELL.USER","EN-US","en-US","User"
"FORM.FRMARTICLEDETAIL.ARTICLE_NAME","DE-CH","de-CH","Artikelname"
"FORM.FRMARTICLEDETAIL.ARTICLE_NAME","EN-US","en-US","Article name"
"FORM.FRMARTICLEDETAIL.ARTICLE_NO","DE-CH","de-CH","Artikel-Nr."
"FORM.FRMARTICLEDETAIL.ARTICLE_NO","EN-US","en-US","Article no."
"FORM.FRMARTICLEDETAIL.ARTICLE_TYPE_CODE","DE-CH","de-CH","Artikeltyp"
"FORM.FRMARTICLEDETAIL.ARTICLE_TYPE_CODE","EN-US","en-US","Article type"
"FORM.FRMARTICLEDETAIL.BARCODE","DE-CH","de-CH","Barcode"
"FORM.FRMARTICLEDETAIL.BARCODE","EN-US","en-US","Barcode"
"FORM.FRMARTICLEDETAIL.CANCEL","DE-CH","de-CH","Abbrechen"
"FORM.FRMARTICLEDETAIL.CANCEL","EN-US","en-US","Cancel"
"FORM.FRMARTICLEDETAIL.CMDCANCEL","DE-CH","de-CH","Abbrechen"
"FORM.FRMARTICLEDETAIL.CMDCANCEL","EN-US","en-US","Cancel"
"FORM.FRMARTICLEDETAIL.CMDSAVE","DE-CH","de-CH","Speichern"
"FORM.FRMARTICLEDETAIL.CMDSAVE","EN-US","en-US","Save"
"FORM.FRMARTICLEDETAIL.DESCRIPTION_TEXT","DE-CH","de-CH","Beschreibung"
"FORM.FRMARTICLEDETAIL.DESCRIPTION_TEXT","EN-US","en-US","Description"
"FORM.FRMARTICLEDETAIL.FORM_TITLE","DE-CH","de-CH","Artikel"
"FORM.FRMARTICLEDETAIL.FORM_TITLE","EN-US","en-US","Article"
"FORM.FRMARTICLEDETAIL.IS_ACTIVE","DE-CH","de-CH","Aktiv"
"FORM.FRMARTICLEDETAIL.IS_ACTIVE","EN-US","en-US","Active"
"FORM.FRMARTICLEDETAIL.LBLARTICLEID","DE-CH","de-CH","ID"
"FORM.FRMARTICLEDETAIL.LBLARTICLEID","EN-US","en-US","ID"
"FORM.FRMARTICLEDETAIL.LBLARTICLENAME","DE-CH","de-CH","Artikelname"
"FORM.FRMARTICLEDETAIL.LBLARTICLENAME","EN-US","en-US","article name"
"FORM.FRMARTICLEDETAIL.LBLARTICLENO","DE-CH","de-CH","Artikel-Nr"
"FORM.FRMARTICLEDETAIL.LBLARTICLENO","EN-US","en-US","Article no."
"FORM.FRMARTICLEDETAIL.LBLARTICLETYPECODE","DE-CH","de-CH","Artikeltyp"
"FORM.FRMARTICLEDETAIL.LBLARTICLETYPECODE","EN-US","en-US","Article type"
"FORM.FRMARTICLEDETAIL.LBLBARCODE","DE-CH","de-CH","Barcode"
"FORM.FRMARTICLEDETAIL.LBLBARCODE","EN-US","en-US","barcode"
"FORM.FRMARTICLEDETAIL.LBLCREATEDAT","DE-CH","de-CH","Erstellt am"
"FORM.FRMARTICLEDETAIL.LBLCREATEDAT","EN-US","en-US","Created on"
"FORM.FRMARTICLEDETAIL.LBLCREATEDBY","DE-CH","de-CH","Erstellt von"
"FORM.FRMARTICLEDETAIL.LBLCREATEDBY","EN-US","en-US","Created by"
"FORM.FRMARTICLEDETAIL.LBLDESCRIPTION","DE-CH","de-CH","Beschreibung"
"FORM.FRMARTICLEDETAIL.LBLDESCRIPTION","EN-US","en-US","Description"
"FORM.FRMARTICLEDETAIL.LBLFORMTITLE","DE-CH","de-CH","Artikeldetail"
"FORM.FRMARTICLEDETAIL.LBLFORMTITLE","EN-US","en-US","Article detail"
"FORM.FRMARTICLEDETAIL.LBLISACTIVE","DE-CH","de-CH","Aktiv"
"FORM.FRMARTICLEDETAIL.LBLISACTIVE","EN-US","en-US","Active"
"FORM.FRMARTICLEDETAIL.LBLPRODUCTGROUPID","DE-CH","de-CH","Warengruppe"
"FORM.FRMARTICLEDETAIL.LBLPRODUCTGROUPID","EN-US","en-US","Product group"
"FORM.FRMARTICLEDETAIL.LBLPURCHASEPRICE","DE-CH","de-CH","Einkaufspreis"
"FORM.FRMARTICLEDETAIL.LBLPURCHASEPRICE","EN-US","en-US","Purchase price"
"FORM.FRMARTICLEDETAIL.LBLSALESPRICE","DE-CH","de-CH","Verkaufspreis"
"FORM.FRMARTICLEDETAIL.LBLSALESPRICE","EN-US","en-US","sales price"
"FORM.FRMARTICLEDETAIL.LBLUNITCODE","DE-CH","de-CH","Einheit"
"FORM.FRMARTICLEDETAIL.LBLUNITCODE","EN-US","en-US","Unit"
"FORM.FRMARTICLEDETAIL.LBLUPDATEDAT","DE-CH","de-CH","Aktualisiert am"
"FORM.FRMARTICLEDETAIL.LBLUPDATEDAT","EN-US","en-US","Updated on"
"FORM.FRMARTICLEDETAIL.LBLUPDATEDBY","DE-CH","de-CH","Aktualisiert von"
"FORM.FRMARTICLEDETAIL.LBLUPDATEDBY","EN-US","en-US","Updated by"
"FORM.FRMARTICLEDETAIL.LBLVATCODE","DE-CH","de-CH","MwSt-Code"
"FORM.FRMARTICLEDETAIL.LBLVATCODE","EN-US","en-US","VAT code"
"FORM.FRMARTICLEDETAIL.PRODUCT_GROUP","DE-CH","de-CH","Artikelgruppe"
"FORM.FRMARTICLEDETAIL.PRODUCT_GROUP","EN-US","en-US","Product group"
"FORM.FRMARTICLEDETAIL.PURCHASE_PRICE","DE-CH","de-CH","Einkaufspreis"
"FORM.FRMARTICLEDETAIL.PURCHASE_PRICE","EN-US","en-US","Purchase price"
"FORM.FRMARTICLEDETAIL.SALES_PRICE","DE-CH","de-CH","Verkaufspreis"
"FORM.FRMARTICLEDETAIL.SALES_PRICE","EN-US","en-US","Sales price"
"FORM.FRMARTICLEDETAIL.SAVE","DE-CH","de-CH","Speichern"
"FORM.FRMARTICLEDETAIL.SAVE","EN-US","en-US","Save"
"FORM.FRMARTICLEDETAIL.UNIT_CODE","DE-CH","de-CH","Einheit"
"FORM.FRMARTICLEDETAIL.UNIT_CODE","EN-US","en-US","Unit"
"FORM.FRMARTICLEDETAIL.VAT_CODE","DE-CH","de-CH","MWST-Code"
"FORM.FRMARTICLEDETAIL.VAT_CODE","EN-US","en-US","VAT code"
"FORM.FRMARTICLEGROUPDETAIL.ARTICLE_GROUP_CODE","DE-CH","de-CH","Artikelgruppen-Code"
"FORM.FRMARTICLEGROUPDETAIL.ARTICLE_GROUP_CODE","EN-US","en-US","Article group code"
"FORM.FRMARTICLEGROUPDETAIL.ARTICLE_GROUP_NAME","DE-CH","de-CH","Artikelgruppen-Name"
"FORM.FRMARTICLEGROUPDETAIL.ARTICLE_GROUP_NAME","EN-US","en-US","Article group name"
"FORM.FRMARTICLEGROUPDETAIL.CANCEL","DE-CH","de-CH","Abbrechen"
"FORM.FRMARTICLEGROUPDETAIL.CANCEL","EN-US","en-US","Cancel"
"FORM.FRMARTICLEGROUPDETAIL.DESCRIPTION","DE-CH","de-CH","Beschreibung"
"FORM.FRMARTICLEGROUPDETAIL.DESCRIPTION","EN-US","en-US","Description"
"FORM.FRMARTICLEGROUPDETAIL.DESCRIPTION_TEXT","DE-CH","de-CH","Beschreibung"
"FORM.FRMARTICLEGROUPDETAIL.DESCRIPTION_TEXT","EN-US","en-US","Description"
"FORM.FRMARTICLEGROUPDETAIL.FORM_TITLE","DE-CH","de-CH","Artikelgruppe"
"FORM.FRMARTICLEGROUPDETAIL.FORM_TITLE","EN-US","en-US","Article group"
"FORM.FRMARTICLEGROUPDETAIL.IS_ACTIVE","DE-CH","de-CH","Aktiv"
"FORM.FRMARTICLEGROUPDETAIL.IS_ACTIVE","EN-US","en-US","Active"
"FORM.FRMARTICLEGROUPDETAIL.PRODUCT_GROUP_CODE","DE-CH","de-CH","Artikelgruppen-Code"
"FORM.FRMARTICLEGROUPDETAIL.PRODUCT_GROUP_CODE","EN-US","en-US","Article group code"
"FORM.FRMARTICLEGROUPDETAIL.PRODUCT_GROUP_NAME","DE-CH","de-CH","Artikelgruppen-Name"
"FORM.FRMARTICLEGROUPDETAIL.PRODUCT_GROUP_NAME","EN-US","en-US","Article group name"
"FORM.FRMARTICLEGROUPDETAIL.SAVE","DE-CH","de-CH","Speichern"
"FORM.FRMARTICLEGROUPDETAIL.SAVE","EN-US","en-US","Save"
"FORM.FRMARTICLEGROUPDETAIL.SORT_ORDER","DE-CH","de-CH","Sortierung"
"FORM.FRMARTICLEGROUPDETAIL.SORT_ORDER","EN-US","en-US","Sort order"
"FORM.FRMARTICLEGROUPLIST.DESCRIPTION_TEXT","DE-CH","de-CH","Beschreibung"
"FORM.FRMARTICLEGROUPLIST.DESCRIPTION_TEXT","EN-US","en-US","Description"
"FORM.FRMARTICLEGROUPLIST.EDIT","DE-CH","de-CH","Bearbeiten"
"FORM.FRMARTICLEGROUPLIST.EDIT","EN-US","en-US","Edit"
"FORM.FRMARTICLEGROUPLIST.FORM_TITLE","DE-CH","de-CH","Artikelgruppen"
"FORM.FRMARTICLEGROUPLIST.FORM_TITLE","EN-US","en-US","Article groups"
"FORM.FRMARTICLEGROUPLIST.IS_ACTIVE","DE-CH","de-CH","Aktiv"
"FORM.FRMARTICLEGROUPLIST.IS_ACTIVE","EN-US","en-US","Active"
"FORM.FRMARTICLEGROUPLIST.PRODUCT_GROUP_CODE","DE-CH","de-CH","Code der Warengruppe"
"FORM.FRMARTICLEGROUPLIST.PRODUCT_GROUP_CODE","EN-US","en-US","Product group code"
"FORM.FRMARTICLEGROUPLIST.PRODUCT_GROUP_ID","DE-CH","de-CH","WG-ID"
"FORM.FRMARTICLEGROUPLIST.PRODUCT_GROUP_ID","EN-US","en-US","PG-ID"
"FORM.FRMARTICLEGROUPLIST.PRODUCT_GROUP_NAME","DE-CH","de-CH","Warengruppe"
"FORM.FRMARTICLEGROUPLIST.PRODUCT_GROUP_NAME","EN-US","en-US","Product group"
"FORM.FRMARTICLEGROUPLIST.REFRESH","DE-CH","de-CH","Aktualisieren"
"FORM.FRMARTICLEGROUPLIST.REFRESH","EN-US","en-US","Refresh"
"FORM.FRMARTICLEGROUPLIST.SEARCH","DE-CH","de-CH","Suche"
"FORM.FRMARTICLEGROUPLIST.SEARCH","EN-US","en-US","Search"
"FORM.FRMARTICLEGROUPLIST.SORT_ORDER","DE-CH","de-CH","Sort"
"FORM.FRMARTICLEGROUPLIST.SORT_ORDER","EN-US","en-US","Sort"
"FORM.FRMARTICLELIST.ARTICLE_NAME","DE-CH","de-CH","Artikelname"
"FORM.FRMARTICLELIST.ARTICLE_NAME","EN-US","en-US","Article name"
"FORM.FRMARTICLELIST.ARTICLE_NO","DE-CH","de-CH","Artikel-Nr."
"FORM.FRMARTICLELIST.ARTICLE_NO","EN-US","en-US","Article no."
"FORM.FRMARTICLELIST.FORM_TITLE","DE-CH","de-CH","Artikel"
"FORM.FRMARTICLELIST.FORM_TITLE","EN-US","en-US","Articles"
"FORM.FRMARTICLELIST.IS_ACTIVE","DE-CH","de-CH","Aktiv"
"FORM.FRMARTICLELIST.IS_ACTIVE","EN-US","en-US","Active"
"FORM.FRMARTICLELIST.PRODUCT_GROUP","DE-CH","de-CH","Artikelgruppe"
"FORM.FRMARTICLELIST.PRODUCT_GROUP","EN-US","en-US","Product group"
"FORM.FRMARTICLELIST.PRODUCT_GROUP_NAME","DE-CH","de-CH","Warengruppe"
"FORM.FRMARTICLELIST.PRODUCT_GROUP_NAME","EN-US","en-US","Product group"
"FORM.FRMARTICLELIST.REFRESH","DE-CH","de-CH","Aktualisieren"
"FORM.FRMARTICLELIST.REFRESH","EN-US","en-US","Refresh"
"FORM.FRMARTICLELIST.SALES_PRICE","DE-CH","de-CH","Verkaufspreis"
"FORM.FRMARTICLELIST.SALES_PRICE","EN-US","en-US","Sales price"
"FORM.FRMARTICLELIST.SEARCH","DE-CH","de-CH","Suche"
"FORM.FRMARTICLELIST.SEARCH","EN-US","en-US","Search"
"FORM.FRMARTICLELIST.UNIT_CODE","DE-CH","de-CH","Einheit"
"FORM.FRMARTICLELIST.UNIT_CODE","EN-US","en-US","Unit"
"FORM.FRMARTICLELIST.VAT_CODE","DE-CH","de-CH","MWST"
"FORM.FRMARTICLELIST.VAT_CODE","EN-US","en-US","VAT"
"FORM.FRMFWNAVIGATIONADMIN.CMDDEACTIVATE","DE-CH","de-CH","Deaktivieren"
"FORM.FRMFWNAVIGATIONADMIN.CMDDEACTIVATE","EN-US","en-US","Deactivate"
"FORM.FRMFWNAVIGATIONADMIN.CMDHIDE","DE-CH","de-CH","Ausblenden"
"FORM.FRMFWNAVIGATIONADMIN.CMDHIDE","EN-US","en-US","Hide"
"FORM.FRMFWNAVIGATIONADMIN.CMDNEWGROUP","DE-CH","de-CH","Neue Gruppe"
"FORM.FRMFWNAVIGATIONADMIN.CMDNEWGROUP","EN-US","en-US","New Group"
"FORM.FRMFWNAVIGATIONADMIN.CMDNEWITEM","DE-CH","de-CH","Neuer Menüpunkt"
"FORM.FRMFWNAVIGATIONADMIN.CMDNEWITEM","EN-US","en-US","New menu item"
"FORM.FRMFWNAVIGATIONADMIN.CMDREFRESH","DE-CH","de-CH","Aktualisieren"
"FORM.FRMFWNAVIGATIONADMIN.CMDREFRESH","EN-US","en-US","Refresh"
"FORM.FRMFWNAVIGATIONADMIN.CMDSAVE","DE-CH","de-CH","Speichern"
"FORM.FRMFWNAVIGATIONADMIN.CMDSAVE","EN-US","en-US","Save"
"FORM.FRMFWNAVIGATIONADMIN.CMDSHOW","DE-CH","de-CH","Anzeigen"
"FORM.FRMFWNAVIGATIONADMIN.CMDSHOW","EN-US","en-US","Display"
"FORM.FRMFWNAVIGATIONADMIN.CMDTESTOPEN","DE-CH","de-CH","Testen"
"FORM.FRMFWNAVIGATIONADMIN.CMDTESTOPEN","EN-US","en-US","Test"
"FORM.FRMFWNAVIGATIONADMIN.DEACTIVATE","DE-CH","de-CH","Deaktivieren"
"FORM.FRMFWNAVIGATIONADMIN.DEACTIVATE","EN-US","en-US","Deactivate"
"FORM.FRMFWNAVIGATIONADMIN.FORM_TITLE","DE-CH","de-CH","Navigation verwalten"
"FORM.FRMFWNAVIGATIONADMIN.FORM_TITLE","EN-US","en-US","Manage navigation"
"FORM.FRMFWNAVIGATIONADMIN.HIDE","DE-CH","de-CH","Ausblenden"
"FORM.FRMFWNAVIGATIONADMIN.HIDE","EN-US","en-US","Hide"
"FORM.FRMFWNAVIGATIONADMIN.LBLCAPTIONKEY","DE-CH","de-CH","Schlüssel"
"FORM.FRMFWNAVIGATIONADMIN.LBLCAPTIONKEY","EN-US","en-US","Key"
"FORM.FRMFWNAVIGATIONADMIN.LBLFALLBACK","DE-CH","de-CH","Ersatztext"
"FORM.FRMFWNAVIGATIONADMIN.LBLFALLBACK","EN-US","en-US","Fallback text"
"FORM.FRMFWNAVIGATIONADMIN.LBLISACTIVE","DE-CH","de-CH","Aktiv"
"FORM.FRMFWNAVIGATIONADMIN.LBLISACTIVE","EN-US","en-US","Active"
"FORM.FRMFWNAVIGATIONADMIN.LBLISEXPANDED","DE-CH","de-CH","Offen, Erweitert"
"FORM.FRMFWNAVIGATIONADMIN.LBLISEXPANDED","EN-US","en-US","Expanded"
"FORM.FRMFWNAVIGATIONADMIN.LBLISVISIBLE","DE-CH","de-CH","Sichtbar"
"FORM.FRMFWNAVIGATIONADMIN.LBLISVISIBLE","EN-US","en-US","Visible"
"FORM.FRMFWNAVIGATIONADMIN.LBLNAVIGATIONENTRIES","DE-CH","de-CH","Navigationspunkte"
"FORM.FRMFWNAVIGATIONADMIN.LBLNAVIGATIONENTRIES","EN-US","en-US","Navigation Entries"
"FORM.FRMFWNAVIGATIONADMIN.LBLNAVIGATIONGROUP","DE-CH","de-CH","Navigationsgruppe"
"FORM.FRMFWNAVIGATIONADMIN.LBLNAVIGATIONGROUP","EN-US","en-US","Navigation Group"
"FORM.FRMFWNAVIGATIONADMIN.LBLOBJECTNAME","DE-CH","de-CH","Objektname"
"FORM.FRMFWNAVIGATIONADMIN.LBLOBJECTNAME","EN-US","en-US","Object Name"
"FORM.FRMFWNAVIGATIONADMIN.LBLOBJECTTYPE","DE-CH","de-CH","Objekttyp"
"FORM.FRMFWNAVIGATIONADMIN.LBLOBJECTTYPE","EN-US","en-US","Object Type"
"FORM.FRMFWNAVIGATIONADMIN.LBLOPENMODE","DE-CH","de-CH","Öffnungsmodus"
"FORM.FRMFWNAVIGATIONADMIN.LBLOPENMODE","EN-US","en-US","Open Mode"
"FORM.FRMFWNAVIGATIONADMIN.LBLPARENTNAVIGATIONID","DE-CH","de-CH","Übergeordnete NavID"
"FORM.FRMFWNAVIGATIONADMIN.LBLPARENTNAVIGATIONID","EN-US","en-US","Parent NavID"
"FORM.FRMFWNAVIGATIONADMIN.LBLSORTORDER","DE-CH","de-CH","Sortierreihenfolge"
"FORM.FRMFWNAVIGATIONADMIN.LBLSORTORDER","EN-US","en-US","Sort Order"
"FORM.FRMFWNAVIGATIONADMIN.NEW_GROUP","DE-CH","de-CH","Neue Gruppe"
"FORM.FRMFWNAVIGATIONADMIN.NEW_GROUP","EN-US","en-US","New group"
"FORM.FRMFWNAVIGATIONADMIN.NEW_ITEM","DE-CH","de-CH","Neuer Eintrag"
"FORM.FRMFWNAVIGATIONADMIN.NEW_ITEM","EN-US","en-US","New item"
"FORM.FRMFWNAVIGATIONADMIN.REFRESH","DE-CH","de-CH","Aktualisieren"
"FORM.FRMFWNAVIGATIONADMIN.REFRESH","EN-US","en-US","Refresh"
"FORM.FRMFWNAVIGATIONADMIN.SAVE","DE-CH","de-CH","Speichern"
"FORM.FRMFWNAVIGATIONADMIN.SAVE","EN-US","en-US","Save"
"FORM.FRMFWNAVIGATIONADMIN.SHOW","DE-CH","de-CH","Einblenden"
"FORM.FRMFWNAVIGATIONADMIN.SHOW","EN-US","en-US","Show"
"FORM.FRMFWTAGCOMPOSER.CMDAPPLY","DE-CH","de-CH","Übernehmen"
"FORM.FRMFWTAGCOMPOSER.CMDAPPLY","EN-US","en-US","Apply"
"FORM.FRMFWTAGCOMPOSER.CMDHELP","DE-CH","de-CH","Hilfe"
"FORM.FRMFWTAGCOMPOSER.CMDHELP","EN-US","en-US","Help"
"FORM.FRMFWTAGCOMPOSER.CMDSAVE","DE-CH","de-CH","Speichern"
"FORM.FRMFWTAGCOMPOSER.CMDSAVE","EN-US","en-US","Save"
"FORM.FRMFWTAGCOMPOSER.LBLBEHAVIOUR","DE-CH","de-CH","Verhalten"
"FORM.FRMFWTAGCOMPOSER.LBLBEHAVIOUR","EN-US","en-US","Behavior"
"FORM.FRMFWTAGCOMPOSER.LBLBEHVIOUR","DE-CH","de-CH","<neu>"
"FORM.FRMFWTAGCOMPOSER.LBLBEHVIOUR","EN-US","en-US","<neu>"
"FORM.FRMFWTAGCOMPOSER.LBLDATE","DE-CH","de-CH","Datum"
"FORM.FRMFWTAGCOMPOSER.LBLDATE","EN-US","en-US","Date"
"FORM.FRMFWTAGCOMPOSER.LBLDISABLED","DE-CH","de-CH","Deaktiviert"
"FORM.FRMFWTAGCOMPOSER.LBLDISABLED","EN-US","en-US","Disabled"
"FORM.FRMFWTAGCOMPOSER.LBLHIDDEN","DE-CH","de-CH","Unsichtbar"
"FORM.FRMFWTAGCOMPOSER.LBLHIDDEN","EN-US","en-US","Hidden"
"FORM.FRMFWTAGCOMPOSER.LBLINTEGER","DE-CH","de-CH","Integer"
"FORM.FRMFWTAGCOMPOSER.LBLINTEGER","EN-US","en-US","Integer"
"FORM.FRMFWTAGCOMPOSER.LBLLOCKED","DE-CH","de-CH","Gesperrt"
"FORM.FRMFWTAGCOMPOSER.LBLLOCKED","EN-US","en-US","Locked"
"FORM.FRMFWTAGCOMPOSER.LBLNUMERIC","DE-CH","de-CH","Numerisch"
"FORM.FRMFWTAGCOMPOSER.LBLNUMERIC","EN-US","en-US","Numeric"
"FORM.FRMFWTAGCOMPOSER.LBLREADONLY","DE-CH","de-CH","Nur lesen"
"FORM.FRMFWTAGCOMPOSER.LBLREADONLY","EN-US","en-US","Read-only"
"FORM.FRMFWTAGCOMPOSER.LBLREQUIRED","DE-CH","de-CH","Benötigt"
"FORM.FRMFWTAGCOMPOSER.LBLREQUIRED","EN-US","en-US","Required"
"FORM.FRMFWTAGCOMPOSER.LBLSETFOCUS","DE-CH","de-CH","Fokus setzen"
"FORM.FRMFWTAGCOMPOSER.LBLSETFOCUS","EN-US","en-US","Set Focus"
"FORM.FRMFWTAGCOMPOSER.LBLTEXTRULES","DE-CH","de-CH","Textregeln"
"FORM.FRMFWTAGCOMPOSER.LBLTEXTRULES","EN-US","en-US","Text Rules"
"FORM.FRMFWTRANSLATIONAUDIT.AUDIT_STATUS","DE-CH","de-CH","Audit-Status"
"FORM.FRMFWTRANSLATIONAUDIT.AUDIT_STATUS","EN-US","en-US","Audit status"
"FORM.FRMFWTRANSLATIONAUDIT.CLEAR_FILTERS","DE-CH","de-CH","Filter loeschen"
"FORM.FRMFWTRANSLATIONAUDIT.CLEAR_FILTERS","EN-US","en-US","Clear filters"
"FORM.FRMFWTRANSLATIONAUDIT.CMDCLEARFILTERS","DE-CH","de-CH","Filter Reset"
"FORM.FRMFWTRANSLATIONAUDIT.CMDCLEARFILTERS","EN-US","en-US","Clear Filters"
"FORM.FRMFWTRANSLATIONAUDIT.CMDCREATEMISSINGROWS","DE-CH","de-CH","Fehlende erstellen"
"FORM.FRMFWTRANSLATIONAUDIT.CMDCREATEMISSINGROWS","EN-US","en-US","Create Missing"
"FORM.FRMFWTRANSLATIONAUDIT.COVERAGE_SUMMARY","DE-CH","de-CH","Abdeckungsuebersicht"
"FORM.FRMFWTRANSLATIONAUDIT.COVERAGE_SUMMARY","EN-US","en-US","Coverage summary"
"FORM.FRMFWTRANSLATIONAUDIT.CREATE_MISSING_ROWS","DE-CH","de-CH","Fehlende Eintraege erzeugen"
"FORM.FRMFWTRANSLATIONAUDIT.CREATE_MISSING_ROWS","EN-US","en-US","Create missing rows"
"FORM.FRMFWTRANSLATIONAUDIT.FORM_TITLE","DE-CH","de-CH","Uebersetzungs-Audit"
"FORM.FRMFWTRANSLATIONAUDIT.FORM_TITLE","EN-US","en-US","Translation audit"
"FORM.FRMFWTRANSLATIONAUDIT.LANGUAGE_CODE","DE-CH","de-CH","Sprache"
"FORM.FRMFWTRANSLATIONAUDIT.LANGUAGE_CODE","EN-US","en-US","Language"
"FORM.FRMFWTRANSLATIONAUDIT.LBLFALLBACKTEXT","DE-CH","de-CH","Ersatztext"
"FORM.FRMFWTRANSLATIONAUDIT.LBLFALLBACKTEXT","EN-US","en-US","Fallback text"
"FORM.FRMFWTRANSLATIONAUDIT.LBLFORMTITLE","DE-CH","de-CH","Übersetzungen prüfen"
"FORM.FRMFWTRANSLATIONAUDIT.LBLFORMTITLE","EN-US","en-US","Translations Audit"
"FORM.FRMFWTRANSLATIONAUDIT.LBLISACTIVE","DE-CH","de-CH","Aktiv"
"FORM.FRMFWTRANSLATIONAUDIT.LBLISACTIVE","EN-US","en-US","Active"
"FORM.FRMFWTRANSLATIONAUDIT.LBLPRODUCTGROUPID","DE-CH","de-CH","Fehlbenennung"
"FORM.FRMFWTRANSLATIONAUDIT.LBLPRODUCTGROUPID","EN-US","en-US","Incorrect naming"
"FORM.FRMFWTRANSLATIONAUDIT.LBLTRANSLATIONKEY","DE-CH","de-CH","Schlüssel"
"FORM.FRMFWTRANSLATIONAUDIT.LBLTRANSLATIONKEY","EN-US","en-US","Key"
"FORM.FRMFWTRANSLATIONAUDIT.LBLTRANSLATIONVALUE","DE-CH","de-CH","Übersetzung"
"FORM.FRMFWTRANSLATIONAUDIT.LBLTRANSLATIONVALUE","EN-US","en-US","Translation"
"FORM.FRMFWTRANSLATIONAUDIT.OPEN_TRANSLATION","DE-CH","de-CH","Uebersetzung oeffnen"
"FORM.FRMFWTRANSLATIONAUDIT.OPEN_TRANSLATION","EN-US","en-US","Open translation"
"FORM.FRMFWTRANSLATIONAUDIT.REFRESH_AUDIT","DE-CH","de-CH","Audit pruefen"
"FORM.FRMFWTRANSLATIONAUDIT.REFRESH_AUDIT","EN-US","en-US","Run audit"
"FORM.FRMFWTRANSLATIONAUDIT.SCOPE_CODE","DE-CH","de-CH","Bereich"
"FORM.FRMFWTRANSLATIONAUDIT.SCOPE_CODE","EN-US","en-US","Scope"
"FORM.FRMFWTRANSLATIONAUDIT.SEARCH","DE-CH","de-CH","Suche"
"FORM.FRMFWTRANSLATIONAUDIT.SEARCH","EN-US","en-US","Search"
"FORM.FRMFWTRANSLATIONEDIT.AUDIT_STATUS","DE-CH","de-CH","Audit-Status"
"FORM.FRMFWTRANSLATIONEDIT.AUDIT_STATUS","EN-US","en-US","Audit status"
"FORM.FRMFWTRANSLATIONEDIT.CANCEL","DE-CH","de-CH","Abbrechen"
"FORM.FRMFWTRANSLATIONEDIT.CANCEL","EN-US","en-US","Cancel"
"FORM.FRMFWTRANSLATIONEDIT.CMDCANCEL","DE-CH","de-CH","Abbrechen"
"FORM.FRMFWTRANSLATIONEDIT.CMDCANCEL","EN-US","en-US","Cancel"
"FORM.FRMFWTRANSLATIONEDIT.CMDDEEPL","DE-CH","de-CH","DeepL"
"FORM.FRMFWTRANSLATIONEDIT.CMDDEEPL","EN-US","en-US","DeepL"
"FORM.FRMFWTRANSLATIONEDIT.CMDSAVE","DE-CH","de-CH","Speichern"
"FORM.FRMFWTRANSLATIONEDIT.CMDSAVE","EN-US","en-US","Save"
"FORM.FRMFWTRANSLATIONEDIT.DE_CH","DE-CH","de-CH","Deutsch (Schweiz)"
"FORM.FRMFWTRANSLATIONEDIT.DE_CH","EN-US","en-US","German (Switzerland)"
"FORM.FRMFWTRANSLATIONEDIT.DEEPL_SUGGESTION","DE-CH","de-CH","DeepL Vorschlag"
"FORM.FRMFWTRANSLATIONEDIT.DEEPL_SUGGESTION","EN-US","en-US","DeepL suggestion"
"FORM.FRMFWTRANSLATIONEDIT.EN_US","DE-CH","de-CH","Englisch (USA)"
"FORM.FRMFWTRANSLATIONEDIT.EN_US","EN-US","en-US","English (US)"
"FORM.FRMFWTRANSLATIONEDIT.FALLBACK_TEXT","DE-CH","de-CH","Fallback-Text"
"FORM.FRMFWTRANSLATIONEDIT.FALLBACK_TEXT","EN-US","en-US","Fallback text"
"FORM.FRMFWTRANSLATIONEDIT.FORM_TITLE","DE-CH","de-CH","Uebersetzung bearbeiten"
"FORM.FRMFWTRANSLATIONEDIT.FORM_TITLE","EN-US","en-US","Edit translation"
"FORM.FRMFWTRANSLATIONEDIT.FR_FR","DE-CH","de-CH","Franzoesisch (Frankreich)"
"FORM.FRMFWTRANSLATIONEDIT.FR_FR","EN-US","en-US","French (France)"
"FORM.FRMFWTRANSLATIONEDIT.LBKSCOPECODE","DE-CH","de-CH","Umfang"
"FORM.FRMFWTRANSLATIONEDIT.LBKSCOPECODE","EN-US","en-US","Scope"
"FORM.FRMFWTRANSLATIONEDIT.LBLAUDITSTATUS","DE-CH","de-CH","Audit-Status"
"FORM.FRMFWTRANSLATIONEDIT.LBLAUDITSTATUS","EN-US","en-US","Audit status"
"FORM.FRMFWTRANSLATIONEDIT.LBLFALLBACKTEXT","DE-CH","de-CH","Fallback-Text"
"FORM.FRMFWTRANSLATIONEDIT.LBLFALLBACKTEXT","EN-US","en-US","Fallback text"
"FORM.FRMFWTRANSLATIONEDIT.LBLSOURCECONTROL","DE-CH","de-CH","Quellsteuerelement"
"FORM.FRMFWTRANSLATIONEDIT.LBLSOURCECONTROL","EN-US","en-US","Source control"
"FORM.FRMFWTRANSLATIONEDIT.LBLSOURCELANGUAGE","DE-CH","de-CH","Ausgangssprache"
"FORM.FRMFWTRANSLATIONEDIT.LBLSOURCELANGUAGE","EN-US","en-US","Source language"
"FORM.FRMFWTRANSLATIONEDIT.LBLSOURCEOBJECT","DE-CH","de-CH","Quellobjekt"
"FORM.FRMFWTRANSLATIONEDIT.LBLSOURCEOBJECT","EN-US","en-US","Source object"
"FORM.FRMFWTRANSLATIONEDIT.LBLSOURCETYPE","DE-CH","de-CH","Quelltyp"
"FORM.FRMFWTRANSLATIONEDIT.LBLSOURCETYPE","EN-US","en-US","Source type"
"FORM.FRMFWTRANSLATIONEDIT.LBLTITELUEBERSETZUNGIN","DE-CH","de-CH","Übersetzung in:"
"FORM.FRMFWTRANSLATIONEDIT.LBLTITELUEBERSETZUNGIN","EN-US","en-US","Translation into:"
"FORM.FRMFWTRANSLATIONEDIT.LBLTRANSLATIONDECH","DE-CH","de-CH","Deutsch"
"FORM.FRMFWTRANSLATIONEDIT.LBLTRANSLATIONDECH","EN-US","en-US","German"
"FORM.FRMFWTRANSLATIONEDIT.LBLTRANSLATIONENUS","DE-CH","de-CH","Englisch"
"FORM.FRMFWTRANSLATIONEDIT.LBLTRANSLATIONENUS","EN-US","en-US","English"
"FORM.FRMFWTRANSLATIONEDIT.LBLTRANSLATIONFRFR","DE-CH","de-CH","Französisch"
"FORM.FRMFWTRANSLATIONEDIT.LBLTRANSLATIONFRFR","EN-US","en-US","French"
"FORM.FRMFWTRANSLATIONEDIT.LBLTRANSLATIONKEY","DE-CH","de-CH","Schlüssel"
"FORM.FRMFWTRANSLATIONEDIT.LBLTRANSLATIONKEY","EN-US","en-US","key"
"FORM.FRMFWTRANSLATIONEDIT.SAVE","DE-CH","de-CH","Speichern"
"FORM.FRMFWTRANSLATIONEDIT.SAVE","EN-US","en-US","Save"
"FORM.FRMFWTRANSLATIONEDIT.SCOPE_CODE","DE-CH","de-CH","Bereich"
"FORM.FRMFWTRANSLATIONEDIT.SCOPE_CODE","EN-US","en-US","Scope"
"FORM.FRMFWTRANSLATIONEDIT.SOURCE_CONTROL","DE-CH","de-CH","Quellsteuerelement"
"FORM.FRMFWTRANSLATIONEDIT.SOURCE_CONTROL","EN-US","en-US","Source control"
"FORM.FRMFWTRANSLATIONEDIT.SOURCE_LANGUAGE","DE-CH","de-CH","Ausgangssprache"
"FORM.FRMFWTRANSLATIONEDIT.SOURCE_LANGUAGE","EN-US","en-US","Source language"
"FORM.FRMFWTRANSLATIONEDIT.SOURCE_OBJECT","DE-CH","de-CH","Quellobjekt"
"FORM.FRMFWTRANSLATIONEDIT.SOURCE_OBJECT","EN-US","en-US","Source object"
"FORM.FRMFWTRANSLATIONEDIT.SOURCE_TYPE","DE-CH","de-CH","Quelltyp"
"FORM.FRMFWTRANSLATIONEDIT.SOURCE_TYPE","EN-US","en-US","Source type"
"FORM.FRMFWTRANSLATIONEDIT.TRANSLATION_KEY","DE-CH","de-CH","Uebersetzungsschluessel"
"FORM.FRMFWTRANSLATIONEDIT.TRANSLATION_KEY","EN-US","en-US","Translation key"
"FORM.FRMFWTRANSLATIONTAGGENERATOR.BEZEICHNUNGSFELD1","DE-CH","de-CH","Formularauswahl"
"FORM.FRMFWTRANSLATIONTAGGENERATOR.BEZEICHNUNGSFELD1","EN-US","en-US","Form selection"
"FORM.FRMFWTRANSLATIONTAGGENERATOR.BEZEICHNUNGSFELD23","DE-CH","de-CH","Ausgeblendete Elemente"
"FORM.FRMFWTRANSLATIONTAGGENERATOR.BEZEICHNUNGSFELD23","EN-US","en-US","Hidden elements"
"FORM.FRMFWTRANSLATIONTAGGENERATOR.BEZEICHNUNGSFELD24","DE-CH","de-CH","Nr"
"FORM.FRMFWTRANSLATIONTAGGENERATOR.BEZEICHNUNGSFELD24","EN-US","en-US","no"
"FORM.FRMFWTRANSLATIONTAGGENERATOR.BEZEICHNUNGSFELD25","DE-CH","de-CH","Formularname"
"FORM.FRMFWTRANSLATIONTAGGENERATOR.BEZEICHNUNGSFELD25","EN-US","en-US","form name"
"FORM.FRMFWTRANSLATIONTAGGENERATOR.BEZEICHNUNGSFELD27","DE-CH","de-CH","Steuerelement"
"FORM.FRMFWTRANSLATIONTAGGENERATOR.BEZEICHNUNGSFELD27","EN-US","en-US","Control name"
"FORM.FRMFWTRANSLATIONTAGGENERATOR.BEZEICHNUNGSFELD28","DE-CH","de-CH","Steuerelemnet Typ"
"FORM.FRMFWTRANSLATIONTAGGENERATOR.BEZEICHNUNGSFELD28","EN-US","en-US","Control element type"
"FORM.FRMFWTRANSLATIONTAGGENERATOR.BEZEICHNUNGSFELD29","DE-CH","de-CH","Quelltext"
"FORM.FRMFWTRANSLATIONTAGGENERATOR.BEZEICHNUNGSFELD29","EN-US","en-US","source text"
"FORM.FRMFWTRANSLATIONTAGGENERATOR.BEZEICHNUNGSFELD30","DE-CH","de-CH","Aktuelles Tag"
"FORM.FRMFWTRANSLATIONTAGGENERATOR.BEZEICHNUNGSFELD30","EN-US","en-US","Current tag"
"FORM.FRMFWTRANSLATIONTAGGENERATOR.BEZEICHNUNGSFELD32","DE-CH","de-CH","Aktueller Übersetzungsschlüssel"
"FORM.FRMFWTRANSLATIONTAGGENERATOR.BEZEICHNUNGSFELD32","EN-US","en-US","Current translation key"
"FORM.FRMFWTRANSLATIONTAGGENERATOR.BEZEICHNUNGSFELD33","DE-CH","de-CH","Vorgeschlagener Übersetzungsschlüssel"
"FORM.FRMFWTRANSLATIONTAGGENERATOR.BEZEICHNUNGSFELD33","EN-US","en-US","Suggested translation key"
"FORM.FRMFWTRANSLATIONTAGGENERATOR.BEZEICHNUNGSFELD35","DE-CH","de-CH","Tag-Status"
"FORM.FRMFWTRANSLATIONTAGGENERATOR.BEZEICHNUNGSFELD35","EN-US","en-US","Tag status"
"FORM.FRMFWTRANSLATIONTAGGENERATOR.BEZEICHNUNGSFELD36","DE-CH","de-CH","Relevant"
"FORM.FRMFWTRANSLATIONTAGGENERATOR.BEZEICHNUNGSFELD36","EN-US","en-US","Relevant"
"FORM.FRMFWTRANSLATIONTAGGENERATOR.BEZEICHNUNGSFELD37","DE-CH","de-CH","Sichtbar"
"FORM.FRMFWTRANSLATIONTAGGENERATOR.BEZEICHNUNGSFELD37","EN-US","en-US","Visible"
"FORM.FRMFWTRANSLATIONTAGGENERATOR.BEZEICHNUNGSFELD38","DE-CH","de-CH","dirty"
"FORM.FRMFWTRANSLATIONTAGGENERATOR.BEZEICHNUNGSFELD38","EN-US","en-US","dirty"
"FORM.FRMFWTRANSLATIONTAGGENERATOR.CANCEL","DE-CH","de-CH","Schliessen / verwerfen"
"FORM.FRMFWTRANSLATIONTAGGENERATOR.CANCEL","EN-US","en-US","Close / discard"
"FORM.FRMFWTRANSLATIONTAGGENERATOR.CBOFORMNAME","DE-CH","de-CH","Formularauswahl"
"FORM.FRMFWTRANSLATIONTAGGENERATOR.CBOFORMNAME","EN-US","en-US","Form selection"
"FORM.FRMFWTRANSLATIONTAGGENERATOR.CHKINCLUDEHIDDEN","DE-CH","de-CH","Ausgeblendete Objekte"
"FORM.FRMFWTRANSLATIONTAGGENERATOR.CHKINCLUDEHIDDEN","EN-US","en-US","Hidden objects"
"FORM.FRMFWTRANSLATIONTAGGENERATOR.CHKISDIRTY","DE-CH","de-CH",""
"FORM.FRMFWTRANSLATIONTAGGENERATOR.CHKISDIRTY","EN-US","en-US",""
"FORM.FRMFWTRANSLATIONTAGGENERATOR.CHKISRELEVANT","DE-CH","de-CH",""
"FORM.FRMFWTRANSLATIONTAGGENERATOR.CHKISRELEVANT","EN-US","en-US",""
"FORM.FRMFWTRANSLATIONTAGGENERATOR.CHKSHOWALLCONTROLS","DE-CH","de-CH","Alle Steuerelemente"
"FORM.FRMFWTRANSLATIONTAGGENERATOR.CHKSHOWALLCONTROLS","EN-US","en-US","All controls"
"FORM.FRMFWTRANSLATIONTAGGENERATOR.CHLISVISIBLE","DE-CH","de-CH",""
"FORM.FRMFWTRANSLATIONTAGGENERATOR.CHLISVISIBLE","EN-US","en-US",""
"FORM.FRMFWTRANSLATIONTAGGENERATOR.CMDCANCEL","DE-CH","de-CH","Abbrechen"
"FORM.FRMFWTRANSLATIONTAGGENERATOR.CMDCANCEL","EN-US","en-US","Cancel"
"FORM.FRMFWTRANSLATIONTAGGENERATOR.CMDGENERATESUGGESTIONS","DE-CH","de-CH","Vorschläge generieren"
"FORM.FRMFWTRANSLATIONTAGGENERATOR.CMDGENERATESUGGESTIONS","EN-US","en-US","Generate suggestions"
"FORM.FRMFWTRANSLATIONTAGGENERATOR.CMDLOADFORM","DE-CH","de-CH","Formular laden"
"FORM.FRMFWTRANSLATIONTAGGENERATOR.CMDLOADFORM","EN-US","en-US","Load form"
"FORM.FRMFWTRANSLATIONTAGGENERATOR.CMDREMOVESELECTEDKEY","DE-CH","de-CH","Ausgewählten Schlüssel entfernen"
"FORM.FRMFWTRANSLATIONTAGGENERATOR.CMDREMOVESELECTEDKEY","EN-US","en-US","Remove selected key"
"FORM.FRMFWTRANSLATIONTAGGENERATOR.CMDSAVE","DE-CH","de-CH","Speichern"
"FORM.FRMFWTRANSLATIONTAGGENERATOR.CMDSAVE","EN-US","en-US","Save"
"FORM.FRMFWTRANSLATIONTAGGENERATOR.CMDSETMISSINGKEYS","DE-CH","de-CH","Setze fehlende Schlüssel"
"FORM.FRMFWTRANSLATIONTAGGENERATOR.CMDSETMISSINGKEYS","EN-US","en-US","Set missing keys"
"FORM.FRMFWTRANSLATIONTAGGENERATOR.CMDSETSELECTEDKEY","DE-CH","de-CH","Setze ausgewählten Schlüssel"
"FORM.FRMFWTRANSLATIONTAGGENERATOR.CMDSETSELECTEDKEY","EN-US","en-US","Set selected key"
"FORM.FRMFWTRANSLATIONTAGGENERATOR.CONTROL_NAME","DE-CH","de-CH","Control-Name"
"FORM.FRMFWTRANSLATIONTAGGENERATOR.CONTROL_NAME","EN-US","en-US","Control name"
"FORM.FRMFWTRANSLATIONTAGGENERATOR.CONTROL_TYPE","DE-CH","de-CH","Control-Typ"
"FORM.FRMFWTRANSLATIONTAGGENERATOR.CONTROL_TYPE","EN-US","en-US","Control type"
"FORM.FRMFWTRANSLATIONTAGGENERATOR.CURRENT_TAG","DE-CH","de-CH","Aktueller Tag"
"FORM.FRMFWTRANSLATIONTAGGENERATOR.CURRENT_TAG","EN-US","en-US","Current tag"
"FORM.FRMFWTRANSLATIONTAGGENERATOR.CURRENT_TRANSLATION_KEY","DE-CH","de-CH","Vorhandener Translation-Key"
"FORM.FRMFWTRANSLATIONTAGGENERATOR.CURRENT_TRANSLATION_KEY","EN-US","en-US","Existing translation key"
"FORM.FRMFWTRANSLATIONTAGGENERATOR.FORM_NAME","DE-CH","de-CH","Formular"
"FORM.FRMFWTRANSLATIONTAGGENERATOR.FORM_NAME","EN-US","en-US","Form"
"FORM.FRMFWTRANSLATIONTAGGENERATOR.FORM_TITLE","DE-CH","de-CH","Translation-Tag-Generator"
"FORM.FRMFWTRANSLATIONTAGGENERATOR.FORM_TITLE","EN-US","en-US","Translation tag generator"
"FORM.FRMFWTRANSLATIONTAGGENERATOR.GENERATE_SUGGESTIONS","DE-CH","de-CH","Vorschlaege generieren"
"FORM.FRMFWTRANSLATIONTAGGENERATOR.GENERATE_SUGGESTIONS","EN-US","en-US","Generate suggestions"
"FORM.FRMFWTRANSLATIONTAGGENERATOR.INCLUDE_HIDDEN","DE-CH","de-CH","Versteckte Controls einschliessen"
"FORM.FRMFWTRANSLATIONTAGGENERATOR.INCLUDE_HIDDEN","EN-US","en-US","Include hidden controls"
"FORM.FRMFWTRANSLATIONTAGGENERATOR.KONTROLLKÄSTCHEN39","DE-CH","de-CH","<neu>"
"FORM.FRMFWTRANSLATIONTAGGENERATOR.KONTROLLKÄSTCHEN39","EN-US","en-US","<neu>"
"FORM.FRMFWTRANSLATIONTAGGENERATOR.KONTROLLKÄSTCHEN41","DE-CH","de-CH","Visible"
"FORM.FRMFWTRANSLATIONTAGGENERATOR.KONTROLLKÄSTCHEN41","EN-US","en-US","Visible"
"FORM.FRMFWTRANSLATIONTAGGENERATOR.KONTROLLKÄSTCHEN42","DE-CH","de-CH","dirty"
"FORM.FRMFWTRANSLATIONTAGGENERATOR.KONTROLLKÄSTCHEN42","EN-US","en-US","dirty"
"FORM.FRMFWTRANSLATIONTAGGENERATOR.LBLHEADER","DE-CH","de-CH","Übersetzungs-Tag Generator"
"FORM.FRMFWTRANSLATIONTAGGENERATOR.LBLHEADER","EN-US","en-US","Translation Tag Generator"
"FORM.FRMFWTRANSLATIONTAGGENERATOR.LBLRELEVANT","DE-CH","de-CH",""
"FORM.FRMFWTRANSLATIONTAGGENERATOR.LBLRELEVANT","EN-US","en-US",""
"FORM.FRMFWTRANSLATIONTAGGENERATOR.LBLTAGSTATUS","DE-CH","de-CH",""
"FORM.FRMFWTRANSLATIONTAGGENERATOR.LBLTAGSTATUS","EN-US","en-US",""
"FORM.FRMFWTRANSLATIONTAGGENERATOR.LBLVISIBLE","DE-CH","de-CH",""
"FORM.FRMFWTRANSLATIONTAGGENERATOR.LBLVISIBLE","EN-US","en-US",""
"FORM.FRMFWTRANSLATIONTAGGENERATOR.LOAD_FORM","DE-CH","de-CH","Formular laden"
"FORM.FRMFWTRANSLATIONTAGGENERATOR.LOAD_FORM","EN-US","en-US","Load form"
"FORM.FRMFWTRANSLATIONTAGGENERATOR.REMOVE_SELECTED_KEY","DE-CH","de-CH","Key fuer Control entfernen"
"FORM.FRMFWTRANSLATIONTAGGENERATOR.REMOVE_SELECTED_KEY","EN-US","en-US","Remove key from control"
"FORM.FRMFWTRANSLATIONTAGGENERATOR.ROW_NO","DE-CH","de-CH","Nr"
"FORM.FRMFWTRANSLATIONTAGGENERATOR.ROW_NO","EN-US","en-US","No"
"FORM.FRMFWTRANSLATIONTAGGENERATOR.SAVE","DE-CH","de-CH","Aenderungen speichern"
"FORM.FRMFWTRANSLATIONTAGGENERATOR.SAVE","EN-US","en-US","Save changes"
"FORM.FRMFWTRANSLATIONTAGGENERATOR.SET_MISSING_KEYS","DE-CH","de-CH","Fehlende Keys setzen"
"FORM.FRMFWTRANSLATIONTAGGENERATOR.SET_MISSING_KEYS","EN-US","en-US","Set missing keys"
"FORM.FRMFWTRANSLATIONTAGGENERATOR.SET_SELECTED_KEY","DE-CH","de-CH","Key fuer Control setzen"
"FORM.FRMFWTRANSLATIONTAGGENERATOR.SET_SELECTED_KEY","EN-US","en-US","Set key for control"
"FORM.FRMFWTRANSLATIONTAGGENERATOR.SHOW_ALL_CONTROLS","DE-CH","de-CH","Alle Controls anzeigen"
"FORM.FRMFWTRANSLATIONTAGGENERATOR.SHOW_ALL_CONTROLS","EN-US","en-US","Show all controls"
"FORM.FRMFWTRANSLATIONTAGGENERATOR.SOURCE_TEXT","DE-CH","de-CH","Quelltext"
"FORM.FRMFWTRANSLATIONTAGGENERATOR.SOURCE_TEXT","EN-US","en-US","Source text"
"FORM.FRMFWTRANSLATIONTAGGENERATOR.SUGGESTED_TRANSLATION_KEY","DE-CH","de-CH","Vorgeschlagener Translation-Key"
"FORM.FRMFWTRANSLATIONTAGGENERATOR.SUGGESTED_TRANSLATION_KEY","EN-US","en-US","Suggested translation key"
"FORM.FRMFWTRANSLATIONTAGGENERATOR.TAG_STATUS","DE-CH","de-CH","Tag-Status"
"FORM.FRMFWTRANSLATIONTAGGENERATOR.TAG_STATUS","EN-US","en-US","Tag status"
"FORM.FRMFWTRANSLATIONTAGGENERATOR.TEXT26","DE-CH","de-CH","<neu>"
"FORM.FRMFWTRANSLATIONTAGGENERATOR.TEXT26","EN-US","en-US","<neu>"
"FORM.FRMFWTRANSLATIONTAGGENERATOR.TEXT31","DE-CH","de-CH","Text31"
"FORM.FRMFWTRANSLATIONTAGGENERATOR.TEXT31","EN-US","en-US","Text31"
"FORM.FRMFWTRANSLATIONTAGGENERATOR.TEXT34","DE-CH","de-CH","<neu>"
"FORM.FRMFWTRANSLATIONTAGGENERATOR.TEXT34","EN-US","en-US","<neu>"
"FORM.FRMORDERDETAIL.LBLCURRENCYCODE","DE-CH","de-CH","Währung"
"FORM.FRMORDERDETAIL.LBLCURRENCYCODE","EN-US","en-US","Currency"
"FORM.FRMORDERDETAIL.LBLCUSTOMERADDRESSID","DE-CH","de-CH","Adress-ID"
"FORM.FRMORDERDETAIL.LBLCUSTOMERADDRESSID","EN-US","en-US","Address ID"
"FORM.FRMORDERDETAIL.LBLCUSTOMERNAME","DE-CH","de-CH","Kunde"
"FORM.FRMORDERDETAIL.LBLCUSTOMERNAME","EN-US","en-US","Customer"
"FORM.FRMORDERDETAIL.LBLDELIVERYDATE","DE-CH","de-CH","Lieferdatum"
"FORM.FRMORDERDETAIL.LBLDELIVERYDATE","EN-US","en-US","Delivery Date"
"FORM.FRMORDERDETAIL.LBLEXTERNALREFERENCE","DE-CH","de-CH","Externe Referenz"
"FORM.FRMORDERDETAIL.LBLEXTERNALREFERENCE","EN-US","en-US","External Reference"
"FORM.FRMORDERDETAIL.LBLFORMTITLE","DE-CH","de-CH","Bestellung"
"FORM.FRMORDERDETAIL.LBLFORMTITLE","EN-US","en-US","Order"
"FORM.FRMORDERDETAIL.LBLGROSSAMOUNT","DE-CH","de-CH","Brutto"
"FORM.FRMORDERDETAIL.LBLGROSSAMOUNT","EN-US","en-US","Gross"
"FORM.FRMORDERDETAIL.LBLINTERNALNOTESTEXT","DE-CH","de-CH","Interne Notizen"
"FORM.FRMORDERDETAIL.LBLINTERNALNOTESTEXT","EN-US","en-US","Internal Notes"
"FORM.FRMORDERDETAIL.LBLLANGUAGECODE","DE-CH","de-CH","Sprache"
"FORM.FRMORDERDETAIL.LBLLANGUAGECODE","EN-US","en-US","Language"
"FORM.FRMORDERDETAIL.LBLNETAMOUNT","DE-CH","de-CH","Netto"
"FORM.FRMORDERDETAIL.LBLNETAMOUNT","EN-US","en-US","Net"
"FORM.FRMORDERDETAIL.LBLNOTESTEXT","DE-CH","de-CH","Notizen"
"FORM.FRMORDERDETAIL.LBLNOTESTEXT","EN-US","en-US","Notes"
"FORM.FRMORDERDETAIL.LBLORDERDATE","DE-CH","de-CH","Bestelldatum"
"FORM.FRMORDERDETAIL.LBLORDERDATE","EN-US","en-US","Order Date"
"FORM.FRMORDERDETAIL.LBLORDERNO","DE-CH","de-CH","Bestell-Nr."
"FORM.FRMORDERDETAIL.LBLORDERNO","EN-US","en-US","Order No."
"FORM.FRMORDERDETAIL.LBLORDERSTATUSCODE","DE-CH","de-CH","Status"
"FORM.FRMORDERDETAIL.LBLORDERSTATUSCODE","EN-US","en-US","Status"
"FORM.FRMORDERDETAIL.LBLORDERTYPECODE","DE-CH","de-CH","Typ"
"FORM.FRMORDERDETAIL.LBLORDERTYPECODE","EN-US","en-US","Type"
"FORM.FRMORDERDETAIL.LBLPAYMENTTERMCODE","DE-CH","de-CH","Zahlungsbedingung"
"FORM.FRMORDERDETAIL.LBLPAYMENTTERMCODE","EN-US","en-US","Payment Terms"
"FORM.FRMORDERDETAIL.LBLREFERENCETEXT","DE-CH","de-CH","Referenz"
"FORM.FRMORDERDETAIL.LBLREFERENCETEXT","EN-US","en-US","Reference"
"FORM.FRMORDERDETAIL.LBLSUBTOTALNETAMOUNT","DE-CH","de-CH","Zwischentotal netto"
"FORM.FRMORDERDETAIL.LBLSUBTOTALNETAMOUNT","EN-US","en-US","Subtotal (net)"
"FORM.FRMORDERDETAIL.LBLVALIDUNTIL","DE-CH","de-CH","Gültig bis"
"FORM.FRMORDERDETAIL.LBLVALIDUNTIL","EN-US","en-US","Valid until"
"FORM.FRMORDERDETAIL.LBLVATAMOUNT","DE-CH","de-CH","MWST"
"FORM.FRMORDERDETAIL.LBLVATAMOUNT","EN-US","en-US","VAT"
"FORM.FRMORDERDETAIL.LBLVATMODE","DE-CH","de-CH","MWST-Modus"
"FORM.FRMORDERDETAIL.LBLVATMODE","EN-US","en-US","VAT Mode"
"FORM.FRMPOSTALCODESELECT.POSTAL_CODES","DE-CH","de-CH","Postleitzahlen"
"FORM.FRMPOSTALCODESELECT.POSTAL_CODES","EN-US","en-US","Postal codes"
"FORM.FRMTAGCOMPOSER.BASIC","DE-CH","de-CH","Basis"
"FORM.FRMTAGCOMPOSER.BASIC","EN-US","en-US","Base"
"FORM.FRMTAGCOMPOSER.CONTEXT","DE-CH","de-CH","Kontext"
"FORM.FRMTAGCOMPOSER.CONTEXT","EN-US","en-US","context"
"FORM.FRMTAGCOMPOSER.FORM_TITLE","DE-CH","de-CH","Tag Composer"
"FORM.FRMTAGCOMPOSER.FORM_TITLE","EN-US","en-US","Tag Composer"
"FORM.FRMTAGCOMPOSER.MAX","DE-CH","de-CH","Max"
"FORM.FRMTAGCOMPOSER.MAX","EN-US","en-US","Max"
"FORM.FRMTAGCOMPOSER.MAX_LEN","DE-CH","de-CH","MaxLen"
"FORM.FRMTAGCOMPOSER.MAX_LEN","EN-US","en-US","MaxLen"
"FORM.FRMTAGCOMPOSER.MIN","DE-CH","de-CH","Min"
"FORM.FRMTAGCOMPOSER.MIN","EN-US","en-US","Min"
"FORM.FRMTAGCOMPOSER.MIN_LEN","DE-CH","de-CH","MinLen"
"FORM.FRMTAGCOMPOSER.MIN_LEN","EN-US","en-US","MinLen"
"FORM.FRMTAGCOMPOSER.MOD","DE-CH","de-CH","Modul"
"FORM.FRMTAGCOMPOSER.MOD","EN-US","en-US","Module"
"FORM.FRMTAGCOMPOSER.OBJECT_TYPE","DE-CH","de-CH","Objekttyp"
"FORM.FRMTAGCOMPOSER.OBJECT_TYPE","EN-US","en-US","Object type"
"FORM.FRMTAGCOMPOSER.OBJECTS","DE-CH","de-CH","Obkjekte"
"FORM.FRMTAGCOMPOSER.OBJECTS","EN-US","en-US","Objects"
"FORM.FRMTAGCOMPOSER.ROLE","DE-CH","de-CH","Rolle"
"FORM.FRMTAGCOMPOSER.ROLE","EN-US","en-US","Role"
"FORM.FRMTAGCOMPOSER.TAG_STRING_RESULT","DE-CH","de-CH","Tag Zeichenkette Resultat"
"FORM.FRMTAGCOMPOSER.TAG_STRING_RESULT","EN-US","en-US","Tag String Result"
"FORM.FRMTAGCOMPOSER.VALUES","DE-CH","de-CH","Werte"
"FORM.FRMTAGCOMPOSER.VALUES","EN-US","en-US","Values"
"FORM.SFRMADDRESSCONTACTS.CONTACT_TYPE_CODE","DE-CH","de-CH","Typ"
"FORM.SFRMADDRESSCONTACTS.CONTACT_TYPE_CODE","EN-US","en-US","Type"
"FORM.SFRMADDRESSCONTACTS.CONTACT_VALUE","DE-CH","de-CH","Kontakt/Nummer"
"FORM.SFRMADDRESSCONTACTS.CONTACT_VALUE","EN-US","en-US","Contact/Number"
"FORM.SFRMADDRESSCONTACTS.IS_PRIMARY","DE-CH","de-CH","Haupt"
"FORM.SFRMADDRESSCONTACTS.IS_PRIMARY","EN-US","en-US","Main"
"FORM.SFRMADDRESSCONTACTS.REMARKS","DE-CH","de-CH","Notizen"
"FORM.SFRMADDRESSCONTACTS.REMARKS","EN-US","en-US","Notes"
"FORM.SFRMORDERLINES.LBLARTICLEID","DE-CH","de-CH","Art-ID"
"FORM.SFRMORDERLINES.LBLARTICLEID","EN-US","en-US","Itm-ID"
"FORM.SFRMORDERLINES.LBLDESCRIPTIONTEXT","DE-CH","de-CH","Bezeichnung"
"FORM.SFRMORDERLINES.LBLDESCRIPTIONTEXT","EN-US","en-US","Description"
"FORM.SFRMORDERLINES.LBLDISCOUNTTYPE","DE-CH","de-CH","Typ"
"FORM.SFRMORDERLINES.LBLDISCOUNTTYPE","EN-US","en-US","Type"
"FORM.SFRMORDERLINES.LBLDISCOUNTVALUE","DE-CH","de-CH","Rabatt"
"FORM.SFRMORDERLINES.LBLDISCOUNTVALUE","EN-US","en-US","Discount"
"FORM.SFRMORDERLINES.LBLLINEGROSSAMOUNT","DE-CH","de-CH","Total"
"FORM.SFRMORDERLINES.LBLLINEGROSSAMOUNT","EN-US","en-US","Total"
"FORM.SFRMORDERLINES.LBLLINENETAMOUNT","DE-CH","de-CH","Netto"
"FORM.SFRMORDERLINES.LBLLINENETAMOUNT","EN-US","en-US","Net"
"FORM.SFRMORDERLINES.LBLLINENO","DE-CH","de-CH","Sort"
"FORM.SFRMORDERLINES.LBLLINENO","EN-US","en-US","Sort"
"FORM.SFRMORDERLINES.LBLLINEVATAMOUNT","DE-CH","de-CH","MwSt."
"FORM.SFRMORDERLINES.LBLLINEVATAMOUNT","EN-US","en-US","VAT"
"FORM.SFRMORDERLINES.LBLQUANTITY","DE-CH","de-CH","Anz."
"FORM.SFRMORDERLINES.LBLQUANTITY","EN-US","en-US","Qty."
"FORM.SFRMORDERLINES.LBLSURCHARGETYPE","DE-CH","de-CH","Typ"
"FORM.SFRMORDERLINES.LBLSURCHARGETYPE","EN-US","en-US","Type"
"FORM.SFRMORDERLINES.LBLSURCHARGEVALUE","DE-CH","de-CH","Aufschlag"
"FORM.SFRMORDERLINES.LBLSURCHARGEVALUE","EN-US","en-US","Surcharge"
"FORM.SFRMORDERLINES.LBLUNITCODE","DE-CH","de-CH","Einheit"
"FORM.SFRMORDERLINES.LBLUNITCODE","EN-US","en-US","Unit"
"FORM.SFRMORDERLINES.LBLUNITPRICE","DE-CH","de-CH","Preis"
"FORM.SFRMORDERLINES.LBLUNITPRICE","EN-US","en-US","Price"
"FORM.SFRMORDERLINES.LBLVATCODE","DE-CH","de-CH","MwSt."
"FORM.SFRMORDERLINES.LBLVATCODE","EN-US","en-US","VAT"
"FORM.SFRMORDERLINES.LBLVATRATE","DE-CH","de-CH","Satz"
"FORM.SFRMORDERLINES.LBLVATRATE","EN-US","en-US","Rate"
"MSG.ADDRESS_COCKPIT_ORDER_CREATE_FAILED","DE-CH","de-CH","Die Bestellung konnte nicht erstellt werden."
"MSG.ADDRESS_COCKPIT_ORDER_CREATE_FAILED","EN-US","en-US","The order could not be created."
"MSG.ADDRESS_COCKPIT_ORDER_DETAIL_MISSING","DE-CH","de-CH","Die Bestellung wurde erstellt, aber frmOrderDetail ist nicht verfuegbar."
"MSG.ADDRESS_COCKPIT_ORDER_DETAIL_MISSING","EN-US","en-US","The order was created, but frmOrderDetail is not available."
"MSG.ADDRESS_COCKPIT_SELECT_ADDRESS_FIRST","DE-CH","de-CH","Bitte zuerst eine Adresse auswaehlen."
"MSG.ADDRESS_COCKPIT_SELECT_ADDRESS_FIRST","EN-US","en-US","Please select an address first."
"MSG.ARTICLE_CANCEL_CONFIRM","DE-CH","de-CH","Aenderungen verwerfen?"
"MSG.ARTICLE_CANCEL_CONFIRM","EN-US","en-US","Discard changes?"
"MSG.ARTICLE_DUPLICATE_NO","DE-CH","de-CH","Artikel-Nr. existiert bereits."
"MSG.ARTICLE_DUPLICATE_NO","EN-US","en-US","Article no. already exists."
"MSG.ARTICLE_GROUP_CANCEL_CONFIRM","DE-CH","de-CH","Aenderungen verwerfen?"
"MSG.ARTICLE_GROUP_CANCEL_CONFIRM","EN-US","en-US","Discard changes?"
"MSG.ARTICLE_GROUP_CODE_REQUIRED","DE-CH","de-CH","Artikelgruppen-Code ist erforderlich."
"MSG.ARTICLE_GROUP_CODE_REQUIRED","EN-US","en-US","Article group code is required."
"MSG.ARTICLE_GROUP_DETAIL_LOAD_ERROR","DE-CH","de-CH","Fehler beim Laden der Artikelgruppendetails."
"MSG.ARTICLE_GROUP_DETAIL_LOAD_ERROR","EN-US","en-US","Error loading the article group details."
"MSG.ARTICLE_GROUP_DISCARD_CHANGES","DE-CH","de-CH","Ungespeicherte Aenderungen verwerfen?"
"MSG.ARTICLE_GROUP_DISCARD_CHANGES","EN-US","en-US","Discard unsaved changes?"
"MSG.ARTICLE_GROUP_DUPLICATE_CODE","DE-CH","de-CH","Artikelgruppen-Code existiert bereits."
"MSG.ARTICLE_GROUP_DUPLICATE_CODE","EN-US","en-US","Article group code already exists."
"MSG.ARTICLE_GROUP_LIST_LOAD_ERROR","DE-CH","de-CH","Fehler beim Laden der Artikelgruppenliste."
"MSG.ARTICLE_GROUP_LIST_LOAD_ERROR","EN-US","en-US","Error loading the article group list."
"MSG.ARTICLE_GROUP_NAME_REQUIRED","DE-CH","de-CH","Artikelgruppen-Name ist erforderlich."
"MSG.ARTICLE_GROUP_NAME_REQUIRED","EN-US","en-US","Article group name is required."
"MSG.ARTICLE_GROUP_REQUIRED","DE-CH","de-CH","Artikelgruppe ist erforderlich."
"MSG.ARTICLE_GROUP_REQUIRED","EN-US","en-US","Product group is required."
"MSG.ARTICLE_GROUP_SAVE_ERROR","DE-CH","de-CH","Fehler beim Speichern der Artikelgruppe."
"MSG.ARTICLE_GROUP_SAVE_ERROR","EN-US","en-US","Error saving the article group."
"MSG.ARTICLE_GROUP_SAVE_OR_CANCEL_FIRST","DE-CH","de-CH","Bitte zuerst speichern oder abbrechen."
"MSG.ARTICLE_GROUP_SAVE_OR_CANCEL_FIRST","EN-US","en-US","Please save or cancel first."
"MSG.ARTICLE_GROUP_SELECT_FIRST","DE-CH","de-CH","Bitte zuerst eine Artikelgruppe auswaehlen."
"MSG.ARTICLE_GROUP_SELECT_FIRST","EN-US","en-US","Please select an article group first."
"MSG.ARTICLE_LIST_LOAD_ERROR","DE-CH","de-CH","Fehler beim Laden der Artikelliste."
"MSG.ARTICLE_LIST_LOAD_ERROR","EN-US","en-US","Error loading the article list."
"MSG.ARTICLE_NAME_REQUIRED","DE-CH","de-CH","Artikelname ist erforderlich."
"MSG.ARTICLE_NAME_REQUIRED","EN-US","en-US","Article name is required."
"MSG.ARTICLE_NO_REQUIRED","DE-CH","de-CH","Artikel-Nr. ist erforderlich."
"MSG.ARTICLE_NO_REQUIRED","EN-US","en-US","Article no. is required."
"MSG.ARTICLE_SALES_PRICE_REQUIRED","DE-CH","de-CH","Verkaufspreis ist erforderlich."
"MSG.ARTICLE_SALES_PRICE_REQUIRED","EN-US","en-US","Sales price is required."
"MSG.ARTICLE_SAVE_ERROR","DE-CH","de-CH","Fehler beim Speichern des Artikels."
"MSG.ARTICLE_SAVE_ERROR","EN-US","en-US","Error saving the article."
"MSG.ARTICLE_UNIT_REQUIRED","DE-CH","de-CH","Einheit ist erforderlich."
"MSG.ARTICLE_UNIT_REQUIRED","EN-US","en-US","Unit is required."
"MSG.ARTICLE_VAT_REQUIRED","DE-CH","de-CH","MWST-Code ist erforderlich."
"MSG.ARTICLE_VAT_REQUIRED","EN-US","en-US","VAT code is required."
"MSG.DEEPL_API_KEY_MISSING","DE-CH","de-CH","DeepL API-Schluessel ist nicht konfiguriert."
"MSG.DEEPL_API_KEY_MISSING","EN-US","en-US","DeepL API key is not configured."
"MSG.FW_TRANSLATION_AUDIT_CREATE_MISSING_ERROR","DE-CH","de-CH","Fehler beim Erzeugen fehlender Uebersetzungseintraege."
"MSG.FW_TRANSLATION_AUDIT_CREATE_MISSING_ERROR","EN-US","en-US","Error creating missing translation rows."
"MSG.FW_TRANSLATION_AUDIT_LOAD_ERROR","DE-CH","de-CH","Fehler beim Laden des Uebersetzungs-Audits."
"MSG.FW_TRANSLATION_AUDIT_LOAD_ERROR","EN-US","en-US","Error loading the translation audit."
"MSG.FW_TRANSLATION_AUDIT_OPEN_ERROR","DE-CH","de-CH","Fehler beim Oeffnen der Uebersetzung."
"MSG.FW_TRANSLATION_AUDIT_OPEN_ERROR","EN-US","en-US","Error opening the translation."
"MSG.FW_TRANSLATION_AUDIT_REFRESH_ERROR","DE-CH","de-CH","Fehler beim Aktualisieren des Uebersetzungs-Audits."
"MSG.FW_TRANSLATION_AUDIT_REFRESH_ERROR","EN-US","en-US","Error refreshing the translation audit."
"MSG.FW_TRANSLATION_AUDIT_SELECT_FIRST","DE-CH","de-CH","Bitte zuerst einen Uebersetzungseintrag auswaehlen."
"MSG.FW_TRANSLATION_AUDIT_SELECT_FIRST","EN-US","en-US","Please select a translation entry first."
"MSG.FW_TRANSLATION_TAG_GENERATOR_DISCARD_CONFIRM","DE-CH","de-CH","Ungespeicherte Tag-Aenderungen verwerfen?"
"MSG.FW_TRANSLATION_TAG_GENERATOR_DISCARD_CONFIRM","EN-US","en-US","Discard unsaved tag changes?"
"MSG.FW_TRANSLATION_TAG_GENERATOR_FORM_REQUIRED","DE-CH","de-CH","Bitte zuerst ein Formular auswaehlen."
"MSG.FW_TRANSLATION_TAG_GENERATOR_FORM_REQUIRED","EN-US","en-US","Please select a form first."
"MSG.FW_TRANSLATION_TAG_GENERATOR_LOAD_ERROR","DE-CH","de-CH","Fehler beim Laden des Translation-Tag-Generators."
"MSG.FW_TRANSLATION_TAG_GENERATOR_LOAD_ERROR","EN-US","en-US","Error loading the translation tag generator."
"MSG.FW_TRANSLATION_TAG_GENERATOR_LOAD_FORM_ERROR","DE-CH","de-CH","Fehler beim Laden des ausgewaehlten Formulars."
"MSG.FW_TRANSLATION_TAG_GENERATOR_LOAD_FORM_ERROR","EN-US","en-US","Error loading the selected form."
"MSG.FW_TRANSLATION_TAG_GENERATOR_NO_MISSING_KEYS","DE-CH","de-CH","Keine fehlenden Translation-Keys zum Setzen gefunden."
"MSG.FW_TRANSLATION_TAG_GENERATOR_NO_MISSING_KEYS","EN-US","en-US","No missing translation keys were found to set."
"MSG.FW_TRANSLATION_TAG_GENERATOR_NOT_TRANSLATABLE","DE-CH","de-CH","Das markierte Control ist nicht fuer einen Translation-Key geeignet."
"MSG.FW_TRANSLATION_TAG_GENERATOR_NOT_TRANSLATABLE","EN-US","en-US","The selected control is not suitable for a translation key."
"MSG.FW_TRANSLATION_TAG_GENERATOR_SAVE_ERROR","DE-CH","de-CH","Fehler beim Speichern der Translation-Tags."
"MSG.FW_TRANSLATION_TAG_GENERATOR_SAVE_ERROR","EN-US","en-US","Error saving the translation tags."
"MSG.FW_TRANSLATION_TAG_GENERATOR_SAVE_SUCCESS","DE-CH","de-CH","Translation-Tags wurden gespeichert."
"MSG.FW_TRANSLATION_TAG_GENERATOR_SAVE_SUCCESS","EN-US","en-US","Translation tags were saved."
"MSG.FW_TRANSLATION_TAG_GENERATOR_SELECT_CONTROL","DE-CH","de-CH","Bitte zuerst ein Control auswaehlen."
"MSG.FW_TRANSLATION_TAG_GENERATOR_SELECT_CONTROL","EN-US","en-US","Please select a control first."
"MSG.TRANSLATION_EDIT_CANCEL_CONFIRM","DE-CH","de-CH","Ungespeicherte Aenderungen verwerfen?"
"MSG.TRANSLATION_EDIT_CANCEL_CONFIRM","EN-US","en-US","Discard unsaved changes?"
"MSG.TRANSLATION_EDIT_DEEPL_ERROR","DE-CH","de-CH","Fehler beim Abrufen der DeepL-Vorschlaege."
"MSG.TRANSLATION_EDIT_DEEPL_ERROR","EN-US","en-US","Error retrieving DeepL suggestions."
"MSG.TRANSLATION_EDIT_DEEPL_OVERWRITE_CONFIRM","DE-CH","de-CH","Bestehende Zieltexte mit DeepL-Vorschlaegen ersetzen?"
"MSG.TRANSLATION_EDIT_DEEPL_OVERWRITE_CONFIRM","EN-US","en-US","Replace existing target texts with DeepL suggestions?"
"MSG.TRANSLATION_EDIT_DEEPL_SOURCE_REQUIRED","DE-CH","de-CH","Bitte zuerst einen Text in der Ausgangssprache erfassen."
"MSG.TRANSLATION_EDIT_DEEPL_SOURCE_REQUIRED","EN-US","en-US","Please enter a text in the source language first."
"MSG.TRANSLATION_EDIT_LOAD_ERROR","DE-CH","de-CH","Fehler beim Laden der Uebersetzung."
"MSG.TRANSLATION_EDIT_LOAD_ERROR","EN-US","en-US","Error loading the translation."
"MSG.TRANSLATION_EDIT_SAVE_ERROR","DE-CH","de-CH","Fehler beim Speichern der Uebersetzung."
"MSG.TRANSLATION_EDIT_SAVE_ERROR","EN-US","en-US","Error saving the translation."
"MSG.TRANSLATION_KEY_REQUIRED","DE-CH","de-CH","Uebersetzungsschluessel ist erforderlich."
"MSG.TRANSLATION_KEY_REQUIRED","EN-US","en-US","Translation key is required."
"MSG_INVALID_FIELD_VALUES","DE","de-CH","Bitte korrigieren Sie die ungueltigen Feldwerte."
"MSG_INVALID_FIELD_VALUES","DE-CH","de-CH","Ungültige Feldwerte"
"MSG_INVALID_FIELD_VALUES","EN","en-US","Please correct invalid field values."
"MSG_INVALID_FIELD_VALUES","EN-US","en-US","Invalid field values"
"MSG_MODULE_NOT_ACTIVE","DE","de-CH","Das erforderliche Modul ist nicht aktiv"
"MSG_MODULE_NOT_ACTIVE","DE-CH","de-CH","Modul ist nicht aktiv"
"MSG_MODULE_NOT_ACTIVE","EN","en-US","The required module is not active"
"MSG_MODULE_NOT_ACTIVE","EN-US","en-US","Module is not active"
"MSG_REQUIRED_FIELDS_MISSING","DE","de-CH","Bitte fuellen Sie alle Pflichtfelder aus."
"MSG_REQUIRED_FIELDS_MISSING","DE-CH","de-CH","Benötigte Felder fehlen"
"MSG_REQUIRED_FIELDS_MISSING","EN","en-US","Please fill in all required fields."
"MSG_REQUIRED_FIELDS_MISSING","EN-US","en-US","Required fields missing"
"MSG_ROLE_NOT_ALLOWED","DE","de-CH","Sie sind nicht berechtigt, dieses Formular zu oeffnen"
"MSG_ROLE_NOT_ALLOWED","DE-CH","de-CH","Rolle nicht zulässig"
"MSG_ROLE_NOT_ALLOWED","EN","en-US","You do not have permission to open this form"
"MSG_ROLE_NOT_ALLOWED","EN-US","en-US","Role not allowed"
"NAV.ADDRESS_COCKPIT","DE-CH","de-CH","Cockpit"
"NAV.ADDRESS_COCKPIT","EN-US","en-US","Cockpit"
"NAV.ADDRESS_LIST","DE-CH","de-CH","Adressliste"
"NAV.ADDRESS_LIST","EN-US","en-US","Address list"
"NAV.ARTICLE_GROUPS","DE-CH","de-CH","Artikelgruppen"
"NAV.ARTICLE_GROUPS","EN-US","en-US","Article groups"
"NAV.ARTICLES","DE-CH","de-CH","Artikel"
"NAV.ARTICLES","EN-US","en-US","Articles"
"NAV.DOCUMENT_PREVIEW","DE-CH","de-CH","Dokumentvorschau"
"NAV.DOCUMENT_PREVIEW","EN-US","en-US","Document preview"
"NAV.FW_NAVIGATION_ADMIN","DE-CH","de-CH","Navigation verwalten"
"NAV.FW_NAVIGATION_ADMIN","EN-US","en-US","Manage navigation"
"NAV.FW_TRANSLATION_AUDIT","DE-CH","de-CH","Übersetzungsprüfung"
"NAV.FW_TRANSLATION_AUDIT","EN-US","en-US","Translation audit"
"NAV.FW_TRANSLATION_TAG_GENERATOR","DE-CH","de-CH","Übersetzungs-Tags"
"NAV.FW_TRANSLATION_TAG_GENERATOR","EN-US","en-US","Translation tags"
"NAV.FW_TRANSLATIONS","DE-CH","de-CH","Uebersetzungen pflegen"
"NAV.FW_TRANSLATIONS","EN-US","en-US","Maintain translations"
"NAV.GROUP.ADDRESSES","DE-CH","de-CH","Adressen"
"NAV.GROUP.ADDRESSES","EN-US","en-US","Addresses"
"NAV.GROUP.DOCUMENTS","DE-CH","de-CH","Dokumente"
"NAV.GROUP.DOCUMENTS","EN-US","en-US","Documents"
"NAV.GROUP.FINANCE","DE-CH","de-CH","Finanzen"
"NAV.GROUP.FINANCE","EN-US","en-US","Finance"
"NAV.GROUP.FRAMEWORK","DE-CH","de-CH","Framework"
"NAV.GROUP.FRAMEWORK","EN-US","en-US","Framework"
"NAV.GROUP.ORDERS","DE-CH","de-CH","Bestellungen"
"NAV.GROUP.ORDERS","EN-US","en-US","Orders"
"NAV.GROUP.REPORTING","DE-CH","de-CH","Auswertungen"
"NAV.GROUP.REPORTING","EN-US","en-US","Reports"
"NAV.GROUP.SYSTEM","DE-CH","de-CH","System"
"NAV.GROUP.SYSTEM","EN-US","en-US","System"
"NAV.GROUP.TENANT","DE-CH","de-CH","Mandant"
"NAV.GROUP.TENANT","EN-US","en-US","Tenant"
"NAV.LOCALISATION","DE-CH","de-CH","Lokalisierung"
"NAV.LOCALISATION","EN-US","en-US","Localisation"
"NAV.NEW_ADDRESS","DE-CH","de-CH","Neue Adresse"
"NAV.NEW_ADDRESS","EN-US","en-US","New address"
"NAV.NEW_ARTICLE_GROUP","DE-CH","de-CH","Neue Artikelgruppe"
"NAV.NEW_ARTICLE_GROUP","EN-US","en-US","New article group"
"NAV.TAG_HELP","DE-CH","de-CH","Tag-Hilfe"
"NAV.TAG_HELP","EN-US","en-US","Tag help"
"NAV.TAGS","DE-CH","de-CH","Framework-Tags"
"NAV.TAGS","EN-US","en-US","Framework-Tags"
"NAV.TRANSLATIONS","DE-CH","de-CH","Uebersetzungen"
"NAV.TRANSLATIONS","EN-US","en-US","Translations"
"REF.ARTICLE_TYPE.APPAREL_SIZE","DE-CH","de-CH","Kleidergroesse"
"REF.ARTICLE_TYPE.APPAREL_SIZE","EN-US","en-US","Apparel Size"
"REF.ARTICLE_TYPE.CUSTOM_SIZE","DE-CH","de-CH","Massanfertigung"
"REF.ARTICLE_TYPE.CUSTOM_SIZE","EN-US","en-US","Custom Size"
"REF.ARTICLE_TYPE.DISCOUNT","DE-CH","de-CH","Rabatt"
"REF.ARTICLE_TYPE.DISCOUNT","EN-US","en-US","Discount"
"REF.ARTICLE_TYPE.FEE","DE-CH","de-CH","Gebuehr"
"REF.ARTICLE_TYPE.FEE","EN-US","en-US","Fee"
"REF.ARTICLE_TYPE.PRODUCT","DE-CH","de-CH","Produkt"
"REF.ARTICLE_TYPE.PRODUCT","EN-US","en-US","Product"
"REF.ARTICLE_TYPE.SERVICE","DE-CH","de-CH","Dienstleistung"
"REF.ARTICLE_TYPE.SERVICE","EN-US","en-US","Service"
"REF.ARTICLE_TYPE.SUBSCRIPTION","DE-CH","de-CH","Abonnement"
"REF.ARTICLE_TYPE.SUBSCRIPTION","EN-US","en-US","Subscription"
"REF.ARTICLE_TYPE.WINE","DE-CH","de-CH","Wein"
"REF.ARTICLE_TYPE.WINE","EN-US","en-US","Wine"
"SALUTATION.COMPANY","DE-CH","de-CH","Firma"
"SALUTATION.COMPANY","DE-DE","de-DE","Unternehmen"
"SALUTATION.COMPANY","EN-US","en-US","Company"
"SALUTATION.COMPANY","IT-CH","it-CH","Azienda"
"SALUTATION.MR","DE-CH","de-CH","Herr"
"SALUTATION.MR","DE-DE","de-DE","Herr"
"SALUTATION.MR","EN-US","en-US","Mr."
"SALUTATION.MR","IT-CH","it-CH","Signor"
"SALUTATION.MS","DE-CH","de-CH","Frau"
"SALUTATION.MS","DE-DE","de-DE","Frau"
"SALUTATION.MS","EN-US","en-US","Ms."
"SALUTATION.MS","IT-CH","it-CH","Signora"
"SALUTATION.NEUTRAL","DE-CH","de-CH","Neutral"
"SALUTATION.NEUTRAL","DE-DE","de-DE","Neutral"
"SALUTATION.NEUTRAL","EN-US","en-US","Neutral"
"SALUTATION.NEUTRAL","IT-CH","it-CH","Neutrale"
"STATUS.READY","DE-CH","de-CH","Bereit"
"STATUS.READY","EN-US","en-US","Ready"
"UNIT.HOUR","DE-CH","de-CH","Stunde"
"UNIT.HOUR","DE-DE","de-DE","Stunde"
"UNIT.HOUR","EN-US","en-US","Hour"
"UNIT.HOUR","IT-CH","it-CH","Ora"
"UNIT.KG","DE-CH","de-CH","Kilogramm"
"UNIT.KG","DE-DE","de-DE","Kilogramm"
"UNIT.KG","EN-US","en-US","Kilogram"
"UNIT.KG","IT-CH","it-CH","Chilogrammo"
"UNIT.LITER","DE-CH","de-CH","Liter"
"UNIT.LITER","DE-DE","de-DE","Liter"
"UNIT.LITER","EN-US","en-US","Liter"
"UNIT.LITER","IT-CH","it-CH","Litro"
"UNIT.METER","DE-CH","de-CH","Meter"
"UNIT.METER","DE-DE","de-DE","Meter"
"UNIT.METER","EN-US","en-US","Meter"
"UNIT.METER","IT-CH","it-CH","Metro"
"UNIT.PACKAGE","DE-CH","de-CH","Paket"
"UNIT.PACKAGE","DE-DE","de-DE","Paket"
"UNIT.PACKAGE","EN-US","en-US","Package"
"UNIT.PACKAGE","IT-CH","it-CH","Pacco"
"UNIT.PCS","DE-CH","de-CH","Stk"
"UNIT.PCS","DE-DE","de-DE","Stk"
"UNIT.PCS","EN-US","en-US","pcs"
"UNIT.PCS","IT-CH","it-CH","pz"
"VAT.CH.REDUCED","DE-CH","de-CH","Reduzierter Satz"
"VAT.CH.REDUCED","DE-DE","de-DE","Ermaessigter Satz"
"VAT.CH.REDUCED","EN-US","en-US","Reduced rate"
"VAT.CH.REDUCED","IT-CH","it-CH","Aliquota ridotta"
"VAT.CH.SPECIAL","DE-CH","de-CH","Sondersatz"
"VAT.CH.SPECIAL","DE-DE","de-DE","Sondersatz"
"VAT.CH.SPECIAL","EN-US","en-US","Special rate"
"VAT.CH.SPECIAL","IT-CH","it-CH","Aliquota speciale"
"VAT.CH.STANDARD","DE-CH","de-CH","Normalsatz"
"VAT.CH.STANDARD","DE-DE","de-DE","Standardsatz"
"VAT.CH.STANDARD","EN-US","en-US","Standard rate"
"VAT.CH.STANDARD","IT-CH","it-CH","Aliquota normale"
"VAT.CH.ZERO","DE-CH","de-CH","Nullsatz"
"VAT.CH.ZERO","DE-DE","de-DE","Nullsatz"
"VAT.CH.ZERO","EN-US","en-US","Zero rate"
"VAT.CH.ZERO","IT-CH","it-CH","Aliquota zero"
